feature_0,feature_1,feature_2,feature_3,feature_4,feature_5,feature_6,feature_7
0.05056170714293955,0.499951333237829,-0.9959089311068651,0.6935985082913116,-0.41830152002691007,-1.5845772351121241,-0.6477067671218505,0.5985751739673772
0.3322500326099644,-1.1474766329454797,0.6186696890268814,-0.08798692834027545,0.42507239648702144,0.33225314537233536,-1.1568162609191428,0.3509971530825316
-0.606887283097402,1.5469793290157272,0.7233416087478579,0.046135567230164806,-0.9829916534185322,0.054432738865157676,0.15989293507262803,-1.2089481591289206
2.2233602169111686,0.39429521471439166,1.6923577152381537,-1.1128121538537732,1.6357475418015288,-1.3609655918364936,-0.6512258333298,0.5424513084033299
0.04800624719068911,-2.358073633011557,-1.105584043819401,0.8378363539201328,2.087870868283119,0.9148409578006828,-0.2762033542650379,0.7965118987249309
-1.1437985718462247,0.509919782970217,-1.347460295091466,-0.009360100629907888,-0.13070463858816003,0.8020866136293581,-0.3029639671284725,1.2020025898120372
-0.1967452784783376,0.8365287021306153,0.7866022827541579,-1.8408758667985543,0.03754748651057455,0.035928051415857754,-0.7787399245569351,0.17941071435718353
-1.455534327195565,0.556185222950422,0.5097788545383667,0.30044554294822756,2.476584161449852,0.35234339654808555,0.067471000550668,-0.7322646997692349
0.2971412102800129,-0.9617768011022458,1.2718186173259054,-0.6476445329744827,0.1584695369715993,1.990083016332528,1.1641875606586463,0.24266015856716014
1.3799200970497907,-0.05455870545290261,0.7952339492930321,0.019089961907993495,-0.9054381367344626,0.43027133125845984,0.9346500630468874,-0.34610187222524125
-1.0971218835498175,-0.5281960691477324,-2.379775273987008,-0.6076836914911097,-1.0752900903037375,2.0224050665922606,-0.564875296812896,-1.5429290505926692
0.8708417789331119,-0.17521052684875305,0.04860300668938603,0.1886462032351803,0.20931348847461803,-0.37444491650627654,0.954698597250924,0.5232476625104543
-0.495818519936454,-0.1714646096186858,-0.9443685994103146,0.2808646754181217,0.7382471112975459,0.6507532310220859,0.6147406295738974,-0.1265685946742578
1.5788742470738537,-0.2071816771862039,0.030067081738773815,-0.33617983963528897,0.08126377095000947,-0.2405241774403785,2.0321793255564504,0.42584671305274363
-1.6829648888583426,-0.43388637923051115,-1.4162275302358232,0.8798989957682123,1.374593232372779,-0.45104290941193875,0.6135326281126559,-0.21015656295939672
0.408058165728342,1.7323985051241397,-0.3494479576644289,-1.2331368225253148,0.7182743889567151,0.5165596324474883,0.6738014915009346,1.026454968872454
-0.681148429067322,-1.9660147211066379,1.0409063667950138,-0.4086503122624289,-1.2074004608317588,-1.168290282099549,1.1283733315399176,0.1808333132933886
0.30290203466058163,0.8503868709329685,-0.6769009451226653,-1.1251145907071787,-0.8529512801266511,-1.1045746143949728,-0.2910957984262273,-0.8909757321929944
0.03863521297931748,-0.48084914255057976,-0.07997948912369487,0.6497903361043563,1.4012768937731703,1.5559379151111754,0.11492217981461954,0.2123702873739759
-0.5083802283826558,1.0059819923079054,1.5317908627010566,-0.5936018037153825,0.7641056650847913,-0.32956653889950804,-0.17111499491513626,0.18428475762614724
-0.4011768175804327,0.8951043772209051,-1.4958523645400124,-0.6953969087564817,-0.11941144147427377,-1.0448237038820016,0.3606379837657692,-1.5149042991986297
0.05517757040402111,-1.4402648770248947,-0.14524673702192165,0.5080733000638405,2.203564018730217,1.0776343302296136,1.6172412099860323,0.0679721933773016
2.1157358407718037,-0.24125867389219266,-0.2521975074872346,-1.2820828282546444,0.22225174651863316,1.0536004039064024,-0.6338581435034277,-0.3706021899672946
-0.4635449705682646,-0.33145255509521593,-0.5903833863542031,-1.3500397240230495,1.3809681298362364,-1.971753076402296,-0.927082194592078,0.3437414502444053
1.011561741825199,-0.2086008137046158,-0.2832462909256119,0.04947654298066868,-0.2613120423442343,0.8767424821475354,-0.48287868607678786,-0.9854184610505135
-0.4726628155357138,0.0962679439289491,1.2292133951136988,1.5998775141511075,-0.3994142762716403,-1.4641835614607555,-1.3838662798176629,2.125322152815616
-0.4028697810483954,0.4579062166073701,1.9172848529392297,-0.6801162405590278,-0.19457399322893792,-0.580595171588887,-1.0959160033229234,0.7997555367606815
1.0656997694604582,-1.8737384374677049,0.9817106626077918,-0.23596711644264684,0.18362631874731677,0.1978690014898948,-1.306538672323684,-0.3108709155936917
-0.9909132208147385,1.9152515727676838,2.1858481508016583,0.08403339269975764,-1.1789560204707124,1.1560560628692689,-0.19000183447865926,1.7454445064179225
1.9687193886609664,1.672906428529285,-0.3952594511531999,-0.9980747882005427,-0.6630500081023505,-0.09634523745028506,-0.9238073349289707,1.1933685110687036
0.6574641594463078,-0.03396528512429178,-0.4003929858812219,0.649314479705606,1.378419554847238,-1.92979534480279,0.23387359056926554,-0.30046530679382694
-0.7442297007400367,-0.3412559945570482,0.13451712482584394,1.8695655198948518,0.05705716334610017,-0.42976675474571086,-1.2271901478945269,0.773999258696345
-0.7518707579395738,-0.11374508043615052,0.7130867998080886,0.05237060233433367,-0.38622864109822963,-0.17271986273617881,0.8983490183938353,-0.019636220812203332
0.2426731978095983,0.4228484666967025,-0.3345393543894861,0.3279391131716732,-0.27680915818467416,1.1338433230995002,0.5018102535036364,-1.7303379403668953
-0.2073539378948809,1.1091745750475943,-0.21286590357542745,-0.42251742245979684,0.9936837813309481,-1.0826261775137358,0.06503489364580199,0.5901631705123199
0.8519276259670268,-1.0333501695464427,-1.2462120868552706,1.4945570010033784,-0.7784218204335385,-0.0898844120010162,2.431224001858044,-0.46524873269584993
-2.2020645785769135,2.7868035924262387,1.0125793374150847,0.35879082685753727,2.777134678574679,-0.07526575436784813,1.445932861713138,0.012459977955908008
-0.27564461716743893,0.6325144631085122,0.8843878174503853,1.2823673684818464,1.1945162596384655,-0.4987207248525505,-0.08073961355004149,1.9378714030365307
0.6088372193051501,0.0975389955199564,1.3474291193769772,1.4001607999087358,1.2899787196652026,-0.5461849881158446,-0.38478663889436254,0.7521343610390115
1.1923650263847168,-1.1950620591460468,-0.4550235150065243,-0.22968968686828925,1.0072471141177441,-1.0830026430219033,2.704963428545874,0.09005405825364345
0.6200833122731744,2.229865003742397,0.6291720981110822,0.7551415376335527,-0.17191765456386537,0.47529738371938646,-1.0494869312052113,-0.06954631955768222
0.04412066920673148,-0.9829709705172731,1.0135500644262037,0.4595817793715172,-1.8529345547656604,0.7970231337704041,-0.9177410447904097,0.5900888266498163
-0.7934120925514541,-0.34997653508726734,0.42747242025174376,1.9479535413085318,-1.5022674487944816,-0.3370951485402847,-0.33211090646456204,1.1024630867548275
-0.2357250026956554,0.42588321657931505,1.3417600707703412,0.7754678761316596,-0.40668098340625386,-0.4230562404154202,-0.2565378813042631,0.16536045077124326
-0.8468086306615648,-0.0439453344446489,0.5868325959229046,-0.45731791762145013,-0.46723319177552763,0.2953631664521686,0.8091036574800972,-1.3296225653645286
-0.9757507553867028,1.2925171335078192,-0.015102165126223826,-1.0921716157456347,0.12714869832207104,1.5892857857053935,-0.6105709733746657,-0.9536574533589076
-0.24386478106095172,1.5970939712582093,-0.6518402270074704,0.533652814312786,1.0079886448632331,0.622221839355048,-0.33942943577207396,0.6521255747094669
0.16885282012414457,0.8122180887010094,0.39256061145994575,0.14384316699854657,-1.7302226951536592,0.6454157264599267,-0.11350210921986074,-2.071416678832329
-0.04252246383447469,0.29630498290305995,-0.11804865894780676,-2.43670919062986,-0.7230814825246279,-0.9616139379134133,-0.3162997855615627,-2.292913052648524
0.2822066625101752,0.5335672931819714,0.5746125677084446,-0.052982094045495934,-0.09778952719436447,1.0061499815311958,0.45432286088089974,-0.41447376726068574
0.3005999498903998,0.6950926219303829,1.2005087989202707,0.4716608240541078,-0.7764132523841571,-0.48244328711780143,0.22538835218849737,0.3116975861008667
1.02103787364917,-1.8638308118766338,-0.7037023318973118,-1.135040015031587,1.0833652811010224,0.7739906832947563,0.3407628701395841,0.8141008749779001
-0.5533728545021042,0.5337351041399221,0.07382212641270419,0.10614916886092611,-0.1099332370241979,0.9618533287560721,1.0706263158389788,-1.4052844496938572
-0.509556179931923,0.09477072372450644,0.5818474810254954,-1.5853008648304303,-0.9057392814294867,-0.29557474623471613,1.7464247794463765,-0.8516607244179112
-0.37983557119850514,-0.021906570563673188,-0.09407386658348912,0.16185411154759097,-0.020893788765318215,-0.17918604464068405,0.28874641487297714,0.28074750319129893
0.382281043934476,0.40469337877166406,-1.1496488450272062,0.1813571290386325,0.15887064265155437,0.7829755620058901,0.6934836181282612,1.5476848998383668
-0.78065432550239,-0.12037253993468713,0.22419724687305345,-0.6139448331464631,-0.25582830200146434,-0.35427569742561515,-0.4609470720836896,2.2695720001145987
-0.06220609279688903,1.4742853278949553,-0.8327234407283723,0.2941980119475269,-0.6114027637580833,0.3522577301154437,1.6697289855668835,1.945302968935181
0.8270633498743339,0.4752458091945331,0.02932016177148572,0.4111141414883263,1.3872066355591908,-1.5798239487630419,-0.27397208456524197,-0.9330431725830466
1.026084011547147,-1.1968814732853388,0.8587410566701655,-1.1101104959517392,-1.0338148227402708,1.5153867308189553,1.0395038590371537,-0.855929481553125
-1.6872790377688405,-0.9003956534432475,0.6134703140053833,0.0009652753924580381,-0.9007809450843867,0.5618361945117918,1.387025762490197,-1.0869361269432036
-0.05174972268390758,-0.7666542795806259,1.1093812025963752,0.13851621085481963,-0.6189855817862056,-1.6045134882516914,0.7139751722892855,-0.2556043656947294
0.1594475159385388,-0.15607334469438092,0.424876682136576,-1.6921731367672335,-0.7843621851053145,0.3565179179105028,1.8158527920436751,0.3382529320399896
-0.049425838710282013,-0.6096682235107617,-0.6399263847590819,-0.19433061007392996,-0.7600406635603353,0.14593006777821502,0.034246512943507036,1.9956598121821696
-0.06712705339244575,1.1209738847719692,-0.39180020847288194,0.9705206881716942,2.444823086232608,-0.5338543098580697,-1.1104262019784206,1.0910373925705656
0.09552479500913262,-0.21653537409300555,0.4831593719819708,0.33050598949588583,1.271155660107467,0.4591192080383859,-0.5191764326085292,-1.0518875755961068
-1.6626601825501341,-1.0225415264606874,1.140979124908711,-1.3796978762993093,0.09728485393133135,1.2591619564317007,0.6249844861937044,1.5576111153864423
0.7728610643117604,1.5932407177532977,-0.5273546052888468,-0.7789222446822577,1.978134710987657,0.3838262716652869,0.13048028976996712,-0.5206816099519477
1.6276942059751844,0.5218322948395334,0.5353675160032736,-0.5994780490174559,0.12403593784575272,-0.38322996510585283,-0.06002428178823241,0.3575802402769211
-0.46743632382562217,-0.7967426732900498,0.8178985393852761,-0.9698556696821921,1.42000152435993,1.5544733764599754,-1.3446876701140005,1.6323375762669556
-0.7805850828361691,1.33619734871865,-0.5384140961295009,0.7925747594364616,-1.0039735116325381,0.6659894403266875,0.11433269765971163,1.6058608187601828
0.7838922005010723,-0.8506563333558376,0.35139161407432407,-0.6325048507393651,0.22010767542735157,1.5646260289286504,1.5979229025098243,0.20472849953137662
-0.7645802502582318,0.11897869717664553,2.1075084334025167,-0.08628001100309012,-1.4010971475040597,-1.3311425968284238,-1.140773174536444,1.1152852307502605
-0.2961956288651956,-0.6972023934662228,0.39114058963837806,0.9993421367680478,-0.10929938184771235,-0.7563862226995739,0.24979326825507786,0.8496305505351538
-1.6034130620365195,-1.3533530030674759,2.016346590733518,0.46620027755972016,0.3956077322729006,-1.346984960158047,-0.9411014342096367,-0.22481838917717298
1.277523073933294,0.12568454254697964,-1.575633647564078,1.561664660536652,1.6071320857432825,0.9001368303849391,-1.0598380343362364,-0.610046809872808
-0.23621059261266011,0.1558353131861733,1.8122870582855821,-1.3128728199927018,-0.6803566054338689,0.010833796049367062,-0.5420939305405568,-0.4850306697806549
-1.4537273443910368,0.057352815280760756,-0.30946210843337113,0.18620391321301225,0.9272180397267983,-0.2548088984919233,-0.11403371447221569,0.27357713433306985
-0.43857333093691764,0.20438216135816042,-1.7244238802545897,-0.846128146379848,0.513403036554727,0.20389677765383846,0.8190673354253766,-1.3147467233856085
-0.5244716800862889,-0.075142319452025,-0.09224421743472118,-0.21688878590987576,1.4074005340288065,-0.45521206898935335,-0.3171901358447689,0.5045661954304629
0.46765858077071903,0.13138840652560418,1.643988731659489,0.5593236464048397,-0.23224288555719894,-0.9542258590258825,1.2113314154150474,-0.6172671933658833
0.38384960504506066,-0.5219309833116428,2.0836787069262734,0.7180588536162327,-1.7418150603705318,0.28168711685981035,-1.3689631401373725,-0.5605979272379181
0.7924700406385388,-1.2846076835598597,0.31885186797273535,-0.08098205538143789,0.7366715662036258,-0.9699056129594575,0.6022040564500855,-0.36663185160979955
1.0064034188508868,0.030159224193633618,0.6367747072537653,1.3126116070690321,1.0675523210885538,-0.04595192610284888,0.6811884392011465,-0.018226213736740167
0.40215817931029363,1.5860445425292757,-0.8696591979050269,-1.1929851461650836,0.4519471993841978,-0.5812609019427172,1.194263425766569,0.8230568517320245
0.59546713012678,-0.042686971993466924,-0.4840749159766061,-0.8969404346422826,-0.5708121235814563,-0.05601390404319847,-0.9717115839640218,0.9838646221695374
0.6024001496664185,-1.3219188032448532,-2.695147181467073,1.0627618110230876,-1.2277067701861546,-2.8832180698684735,-1.665691634542113,0.18258587861491793
1.319388039636877,0.8991949072168565,1.4407502275286195,1.7501421782069488,1.8394007930977265,-0.9545408300433927,-0.19547833479816953,-0.6211874073892227
0.05385692275246548,-0.34816406445844106,0.26194730277298645,1.8152207545520012,-0.7019602486278537,0.7356721033464433,-0.962539043324581,-1.2814212511119922
1.0055575202382139,-0.1357362976675541,0.07072032426792871,1.4373160330422372,-1.3186367629293223,0.07636707601446745,1.455652869367011,-1.0209189757926256
0.25925155647469006,0.9231510404367717,0.924850288776221,0.6721319867726342,0.9722650456268238,0.48437244939660623,0.7854147060438921,0.3869092189463696
-0.8890422348277462,0.11763737590874834,-0.10429106898790141,1.1328302329498265,0.5119634150456946,0.5209776538205689,0.19615958056899552,0.6640917843296915
-0.5285263297946782,0.2874235895954282,-0.6644827212601594,-0.3334200561000697,-1.0920267272131694,2.214999073470702,0.6143072184720918,-0.9292818000022279
-0.3536609329572243,0.35142323312414137,-0.42647909698075387,0.748051189039895,0.45122724268143044,1.1481976444062776,-2.787909104109523,0.7606957730536809
0.245938255785349,1.0071175481714503,-0.5442657521031941,-0.7147750365018731,-1.1102928044063203,0.47852808174954314,0.17288086131557132,-1.672199760326382
-0.5479670858819742,-0.014631807428176498,-1.1717912824155414,-0.3554009533669856,-0.09439341897835471,-0.5558849963124611,-1.6016775572133966,1.1437344587956348
0.25333842151857255,0.34984436637969063,-0.5625745867362073,0.1812926469661753,-0.6638150498431284,-0.11260272693051704,0.14362097545099745,0.5863735176579647
-0.571501058252539,-0.7540831580779702,1.2442611551727658,-1.3630359354120527,0.20106207549658958,-0.09790699227469941,0.6854446108630787,-0.4177283675393807
-1.0120632358683972,0.12378513300179962,-1.3312060372602472,-1.0365430759034622,-0.01983917686520925,0.12009593960635229,-1.439132299223152,1.2532880902459165
-0.036824108546393244,1.2269040334683585,1.097134254453739,0.05943278266248396,-0.39449817352731376,-1.3930505724021531,0.9930218476296309,1.5300236922765893
0.16955499356526604,0.06433401660888474,-0.8844118301274243,-0.9946304096173758,-0.0992154735829861,1.2096029194467008,-0.26185381194139784,0.875714749503212
0.4033038821766793,-0.09753782049161443,-0.8117138519149578,-0.35470116523267875,-1.1701301251396727,0.8556289605902255,0.5116749377133588,-0.9433978584608181
-0.6505859925832722,-1.2785587721664873,0.1699859417810876,0.6128499154275626,-0.8601550042453513,-0.41012273401449256,0.3951544435612441,-1.6081017686960817
0.25567797814588905,1.5735324875979912,1.6316578485723738,-0.1022872865809143,-0.017795430752056435,0.7696152961299342,0.693948058705783,1.4862377716819424
0.2911043418871686,0.3821562166743971,0.3782229628209855,1.7212431116384244,-0.8591283002737978,1.3372964809398995,0.33256042585625517,0.3905524885411114
-0.704456682498311,0.07552449805445127,-0.7593524585991981,-2.425452887451106,0.3523801160189683,-1.1976882590371274,0.17037713928333037,-1.1615674216028782
-0.24093793163826724,-0.276120816766872,-1.5754580240894265,0.12894855965893764,-0.4686994206339531,-2.22351956992552,1.8985735622257212,0.5982048263440682
0.4708983595310787,0.15206845896844476,0.9445112545636659,-0.35922256547757575,0.8289755194792559,1.0498619167459247,-0.3692330386012657,0.16629133217331732
0.27055283719495843,-1.324693312857554,0.471681078350934,0.055287492776946404,1.319017324723189,0.2791311458543595,-0.7416884145173246,0.23773256006152219
-0.3980447916185467,-2.1998304276992484,-0.11299623612788583,-1.1684111512307105,1.3265410793758337,0.3910319871709576,0.932960261496822,0.4214180764982105
-0.12587169397351594,0.7467052768087107,-1.432723214030527,0.8439639535719823,-0.06365296499691467,-1.8745493394803012,-0.0970429474062389,0.6479600838732289
-0.40510859823947803,1.4081717912317944,1.3210609954076995,-0.527784074868948,-0.6823138683132159,-0.15358017377209038,-0.39921915441982936,0.7685871541359265
1.1351196732971638,0.7092334719552609,0.7385198590980588,0.015747599768335917,-0.05705148634393183,-0.6052735969523175,2.360360091730701,0.9695028149492141
0.6536086844204227,-0.5768295530753547,-1.4178846875909612,-0.6731022454455523,-0.35661942131689334,-0.2894806390358801,0.6920444793888738,-0.3130660603217486
0.6913804417292414,0.549507580518817,0.738577205098415,-0.04402162757641276,0.830061591268798,0.2143206867275197,0.2549083382470207,-0.09449646344757869
-0.05740971808864003,0.2871515560292822,0.7304883199946681,-0.6310878919480495,-0.22766120042864507,0.11799483162611292,1.1605571049087093,0.0776303121008477
0.6957389602952277,0.971492685497457,0.09711302696867392,1.6068852224624783,-0.88310561849352,-1.2624410058807591,-1.0540886875357858,-0.7508589914088902
-0.513196001061684,-0.21385932490515996,0.4110201100365887,-0.4096957556447619,-0.47856669282120023,0.6232005901990989,-0.12280631884045733,0.2683786069544498
-0.36893232904419143,-1.2237409508899897,-0.012066952929662852,-0.07729790179289214,0.40370792491411855,0.039158427056798804,-0.7739153857152562,1.488228861096323
-1.1825025765417962,-1.8219841460095416,-0.6253120368566508,-0.5119880306574599,0.50250580279931,-0.5597173471173115,0.005644582778397856,0.237998769143372
0.6812584440050448,-1.6013606525800361,0.23586564997125947,-1.2147375487932537,1.0913925936855118,-0.7578221906182041,-0.6849161796060632,0.5036948474101623
-0.033989600290371985,-0.10286261281397018,0.686242230031502,-0.4943073887215279,-0.6096464120088189,0.9964742924628691,-0.5480264659305671,0.17775332276450478
-1.213846513924025,-0.02707772328868483,-0.3179426079994809,0.3749688143739751,2.1934980768040657,-1.9010392797093332,-0.9655885194706627,-0.32785993509477906
0.13467677910804113,-1.4426255736135671,-0.04942835739236339,-0.8237834031742757,0.06483180624873179,-0.9325428741336709,2.754802849313941,0.2072611060613499
0.6981936267117345,-2.3049099295751843,-0.8044893782951917,-0.16745268959099519,1.6809790541187335,-0.8285289922740035,0.3693849768474974,-0.8941204953844145
-0.1303105549878589,-1.8888729166978784,-1.8942964937624351,-0.7641334636489628,0.824819863526157,0.8346038446018544,-0.1939721349515919,-1.2710272153961315
1.1092138076258868,-0.3536843983224477,-0.9101698210242578,-0.3908763036539634,-0.25943403990949293,1.6956042297681375,-0.02473456173460558,-0.5292326544122049
-0.45117235695958413,-1.5525240434534504,1.2296588826845454,-0.960004389847073,0.11379916314590006,-0.9825672584301182,-0.7895870733643752,-2.167996797379364
0.07351754433911846,2.1952235281564323,1.7876927348637188,0.4092660047982402,1.4067727910834629,-0.7727167661282652,-1.134585298161044,1.1527973811972225
-0.6629644049349449,2.1216096374637385,1.3934190449771908,-1.1337256287848785,-0.3597379353290966,-0.3540529766626852,0.7631976344752185,-0.37957754245453995
-0.03049389698689152,-1.5086708102545892,1.6120130833603408,0.8809385336964145,0.07488569127489761,-1.5934399784925137,0.16153052022629305,2.983268999110137
0.4105663019223549,1.2372538124807977,-2.147703298138433,-0.3035134897123142,-0.23307768207253196,1.081493488242889,-0.9824433098300206,0.8463510722329859
1.0854355254703563,0.09048249179497972,-0.17581624145701852,0.44721894678114826,-1.0332843815343642,-1.6159775758724213,-1.7217762072819707,0.1391117166258356
-0.31458841370349083,-0.16869137771232878,-0.5959402090342274,-0.14247690365163887,1.8204199980875575,-0.35617957082498597,-0.9599079393303808,-1.2751657727030894
-1.0133111961974763,0.4998800544735283,-0.28156006067152617,-0.45401796248957377,-0.2761619087306214,-1.5043467975263627,-0.9698249667885573,-0.4772767171620839
-0.48990179208691953,0.17413725428771806,0.80840830472974,-0.7486979446377214,0.23169957362433102,0.301282777052234,-0.685923856007728,0.4593794301153585
0.8885265223616596,-1.701742982230752,0.335140090547763,0.32757426853842286,0.2349338043926224,-1.6037964102048956,0.9208203149267808,-0.21543211166649523
-0.8872961545235483,-1.6463361487192685,0.3399534876150074,-0.2532042871019237,-1.4464821262057974,1.5565778538132358,-1.3077534981759902,0.5931347066657855
-1.0350019491823306,-0.2642253360317054,0.6000288894794678,-0.31676444378336954,0.4863851059583187,-0.024530350359169856,1.4652704605329057,0.6981932678476748
0.47256550282901816,-0.7307966397479981,-0.4193493822150548,0.20341144703546324,1.7011165080134274,1.5083042966580706,0.19359126749852731,1.1820576763109867
0.17939393406095042,0.2559758503314101,0.10050484319466005,-0.26516197569238154,0.5479358749690425,3.1340381538459026,-0.2358240057769057,1.198230736296357
0.9420132226533307,0.10064380756641153,0.8255269477566363,-0.3822043502321009,0.19781032573559693,1.5096683449330521,1.6372806430373896,0.0430958279898162
-0.11286050987267156,-1.268570126070445,0.805362533242017,-0.49613199708047967,-0.8062940981156873,0.2664220125661939,0.006860975279709798,-1.399696832516521
1.2120614756863737,-1.6549072250163805,-1.6258438498295007,0.9492071859224482,-0.3033190267480282,-1.7251185487939438,1.0179177624216609,0.8703457455676932
-0.21363006063909878,-0.10701099977848877,0.1601320053889307,0.7922437562971573,-0.16109192385873347,-1.1423738403643329,-0.1301003525187272,-0.5462091971688169
-1.6648930339025074,-0.5372994612682322,-1.0936073895161456,0.0651102020155531,1.1558466743642826,0.45322838812333266,2.786301560614275,0.41109765393561054
0.11785368751503318,-0.939058800739446,0.8304458085669123,0.3313781599801685,-1.6710499071384088,-0.6781161638339335,0.6208152836198642,-0.48522687914688495
0.3931862249118051,0.1969342860889273,2.0447690826436378,-1.5094984251371455,-0.18680208057359152,-1.359299522618904,-0.9127574417452362,1.9446435805575881
0.9200734187886827,0.5927996686907513,-0.06248487642847988,0.029942438385454438,2.041915369536924,-1.0425538960187,1.2961644578010054,1.1168294556957692
-0.9104154964079209,0.24056304475244317,-0.6989998397424211,0.06094437719255724,0.8988237521759921,0.316919009559972,1.2566058708502457,0.7809726630019825
-2.231399302187956,0.8412418065690326,-1.26441476377532,-2.9319168005624574,-0.32451439315622294,-0.5170064655180167,2.1046407678444243,1.0605655087572083
0.8860923957911067,0.08562250374430662,0.9396022887459519,-0.6322009718183094,1.1533401983829406,-0.4309132518560997,-0.12909530641811628,0.31753523289308627
-0.6851591641394253,3.0212503223912153,0.24605802834244528,-0.383471532585684,-0.9105620536326728,-0.6246555058456884,-0.016222202740066475,0.5833652732375536
-1.4655054612354055,-0.4382694868990756,1.8639915202149546,0.346726066202518,0.049248669521770976,-0.35486849417458954,-0.1977792246249594,0.1765842279823763
1.4384253652319545,1.3913639592401494,-0.5123084439108645,-0.8471839522058534,0.5280495849997752,-0.5381360516013068,1.0141491492500379,1.1520176381680454
-0.7202200711973328,-2.0948711346584865,-1.3700646140809365,-0.09423672540701046,-1.1857911930342846,0.3153293395334992,0.20886105914977976,0.04002669800575391
-0.154281493447642,-0.7056346619839255,0.5935954321499334,-1.936533673154964,0.432119328716605,2.304695107322277,1.2960844167790766,0.010183643485155885
-0.2855234248943408,0.3889082012829646,-0.1386577343505331,1.6600211331893198,-0.566849960348818,-0.18722722268361072,-1.1931241442242828,0.5834916781979214
-1.591039049704496,0.8203193970750425,0.5440740463143507,-1.283147384765026,0.4048496158130397,-0.2640748422752318,-0.5521982038058861,-1.3441563705116575
-1.6358635705873223,-1.4626267277217657,-1.6930038559968312,0.027899968886185376,-1.0272113460222891,2.111254876817394,0.35746853864088785,1.140833631980302
-0.6978774853198817,1.5549156042071264,-0.4503828515630728,0.9850328978878206,0.34162720986267414,0.7010459620435131,-1.1693626708563634,-0.9518225377881743
0.9355035216314814,0.44942525392825566,-0.594859402528941,0.5879912069715998,0.09327437338225945,-0.5871339307274501,2.042757459620158,-2.3029987313592963
-0.29168323282666186,0.8634766605041326,0.41340782226569944,1.9695943105052014,0.586901189927329,0.5109231961730573,-0.6358948036888362,1.6277289263491697
-0.6014333740416211,-0.3479193377973899,-0.3488456561821211,0.6429496593636383,-0.5887552600653877,-0.06468494847309615,-0.5147072221252774,-1.7514702714630517
-0.6797691184593665,2.0558535152009103,-0.3950767247478984,0.168605999251023,2.588554705671958,-0.7805492718297923,0.7106074654779916,1.2174578971571706
-0.9542526664325635,1.5559724101993857,0.9034213423471931,-1.1939572573356563,0.0754339310838194,-1.2195592367331611,2.812875465352052,2.128890662382399
0.02104661686401957,-0.6777240881370289,0.4524579250585641,-1.1427156545074908,-0.2390535535976437,-1.1153818396189676,-0.25736593617728487,0.41849250713998193
0.32858175808883305,0.7284048084420744,-0.5075976592495863,0.881945728695196,0.09422978929118853,0.35601012909319407,1.503575356578064,0.04490481555082169
-0.9634771084176014,0.6887468877982023,-1.0329970598706726,0.08719418998652693,-0.050083632926034,-2.1019561834086544,-1.4337105877979133,-0.9256746390601779
0.34249440538789355,0.9070289404051042,0.0721836969774447,2.3274929230230446,0.8198250394702855,-1.542910281127268,0.6365615069702945,-1.0005691280225644
-0.7866017141441322,-0.2861592749925638,-0.23924861457952531,0.3370481010667102,0.7633357098769059,1.1114111247576726,-0.5599098304233647,0.0947078676878407
1.1796548823504633,-1.0999503695808355,1.0090002747709832,0.7367047363292665,-0.35385189941578515,1.220688775675595,0.4189582358167929,0.7183414685707616
1.604877411514523,-0.08366490242340417,-1.1266111311928566,-0.4495522473196699,-1.0849511374644303,1.0135136442191066,-0.36879757069041524,-0.439560936338067
-0.6355060390255276,1.107868024460978,0.30057475981056064,0.7691583555423234,0.2293044166798289,-0.7407948977343869,-0.9205603900322916,1.1962775508051964
-0.2899098521677232,0.668152673232943,-1.1477468286063828,-0.30873810502965143,-0.5710233974963274,-0.868542313898286,0.5534945617600489,0.8530212720539091
-0.27071562088002116,2.0816061749452928,-0.04271616175184015,-1.6251867230063184,0.5045388074536569,-1.3051216226688351,-0.396906210796632,0.2541833921079369
1.1367615908288133,0.5439262237523668,-0.7348319541225862,1.2657352813520442,0.24025575563947787,1.2683010090462394,1.2973209963361303,0.007169371673716011
-0.7310389567629987,0.6889608255300315,0.061604379016388905,-0.08279171249248497,0.13122888041140918,-0.8593708826692245,-1.0277137906031866,-0.5402846700171534
0.1420873982238631,-0.3251449911208826,0.6137157811006076,0.7263589987868866,0.41417416458181133,-1.019875206978253,-1.4757360366427945,-0.9888410368949765
-1.1946389722468,0.7966564710282419,0.7680029356147715,-1.6642572145668704,-0.43778347423685826,-0.17354093604336823,-0.9021882603451264,-0.3337692767889464
-0.8858627576050635,-0.46358404567262196,-0.03929957200172007,0.3110075227686527,-0.8364239769388931,0.6813581289461439,-0.8817529789835038,-0.39377267480046724
-0.24238574365354296,-0.9606789313339734,0.4191519291468895,-0.6947914976265933,-0.9700337270620213,1.6246526033763475,-0.3068069617129261,-0.4553756773613052
-2.3320989021234544,-0.2029363622211923,1.4799743013593087,-0.39856650113069875,-0.35103580449274874,0.7296530909533825,0.8157259474322136,1.1312802460352784
0.6526351745844116,-0.2742728322106183,-0.7319413259115345,0.5434394485895647,0.4993072965637166,0.4788279365668054,-0.6852347472380151,-0.5028644205287878
1.5120378648364603,-0.3975057453022367,0.5953457097554594,-0.003990079074380869,-1.6946151502051834,0.5412285520008998,-1.0568832410619775,1.5896634745462093
-0.40213367913813947,-0.6620216151119468,-0.21887122726602232,-0.07877101439142087,-0.43908066056217915,-0.37562956233273026,1.0283476966621066,0.12072474473323516
0.714197558354391,0.06092203638189019,0.5807863777196061,-0.6670725908564039,1.5082284052912511,-0.9241493920963183,-1.7482037102364631,-1.374866427981808
-1.0200716198158146,-0.3169481544762076,1.651846370196322,-1.261030000493446,0.6661868586700751,-0.9700797074707881,1.3007940399673794,0.5260423887082539
1.7986880681768245,-0.30114011180159705,0.7495716833566198,0.8225288587081432,-0.45732737703594023,-0.12278617712715532,-0.6625547330715637,-0.8160263966454143
-0.6456551424846826,-1.2091965620638039,0.7842580668490817,-0.1486021607537897,-0.940809900564408,-0.021579345209282067,0.24891267739311618,-0.39202599096806495
0.9854818736073306,-0.29583958031254765,0.08643171911029932,2.1241769412647464,-0.6018536067858572,-0.01676613294053904,0.2336964948072396,-1.2911294288470532
-0.470803603677763,0.7310405361792001,1.5578031380113038,-0.7310940888657855,0.4220792233231083,-0.3300416203064633,-0.4875319057322638,-1.2506279229388897
0.34722186631009344,-2.128428877258498,0.591437578668136,0.1862393076706507,0.254892059331216,-0.2562769768835036,-1.3352674996224634,-1.5942966364121998
0.07104535198458048,0.46950536166504364,0.12167557781801541,-0.9617267334851147,0.8347920880368458,2.2675313932189303,-0.46200064151350984,-0.9975089642360343
-0.4231676386138476,1.742286414821636,-0.841139712413663,-0.5180745767022786,-0.19821957253336933,-0.3315148235339504,0.6473050954391893,-0.48495922621058407
-1.231632138133905,0.13192072754917847,0.006828310882811534,1.973068646068955,1.1936135706384525,1.7843438447363935,0.04548869610649522,0.40891750126331466
0.48182059381747516,0.004965641865215438,-1.6031502494160224,0.5681554666845964,0.20871844534594608,1.6447160930346458,1.079781258084724,-0.5055326071833972
0.3587996844929996,-1.0927656356820477,1.1814640008002364,-0.17898384434384246,-1.3244886455358076,-2.1736321420737297,0.7825554737279518,0.5969421035430794
-0.9311025500594841,2.3017493899770796,-0.593431657091185,1.5800716632090623,-0.7190702599034243,0.2347886359202958,-0.5761660003045884,2.07570784507457
0.9789226674417204,0.2594364435640707,0.3831968343287789,0.15162395190855688,0.19498545511640045,-1.362675187051938,0.4389556170479484,1.380007615728861
-0.7068068330104753,-1.305725178512721,-1.41129844705206,-0.9748841510474762,0.9717771442547054,0.42439708341541266,-1.351421236745611,1.4114313113416816
-0.3651739801413045,0.6210864436571368,-0.3571521781354829,-1.0581957050688042,0.1296921066636908,-0.40768434969217743,0.22579194108288758,0.03502694878717317
-1.1995934954635827,0.4340130904421475,-0.45072474064861245,0.476865755092575,0.8807154034227247,0.45879303651651,0.904660551447979,1.694930636088745
-0.3244389708468504,-0.6570879302262412,-1.0579640728084976,1.0078136330682266,-0.9005788627233424,0.6270151248946303,1.4199781468724246,-0.8754346378173407
1.4352719236308578,-1.0161699998738205,0.724531173897531,0.013193848748811882,-1.5419175024654905,-0.07085963749522492,1.5210545203226176,-0.2002169688783139
-1.2328571414062852,0.9318871985936746,0.9392316277756152,-1.127414155066225,0.11090097051492444,-1.3232551189332362,-1.4660009621571772,0.692365370391708
0.7260274355157162,1.542962716906424,0.7486388660068503,-0.21560600653002704,1.1025330822658903,-0.8867051510678614,-0.43217498023680717,0.10895086070117778
-0.4703878846562024,-0.18564184341689455,-0.8473093856693953,0.9205610096409393,1.4660987118182809,1.122452320297864,1.8906333549035519,0.9805104683804752
0.8283445164837239,-1.31559634561876,0.17684762822995925,-1.4570255047380491,1.0889890745927238,0.21536526469056802,-0.1139939407739374,-0.4136466113330745
-0.6785798787211426,-0.10347962259782631,-0.3161504738568469,0.3441470271942142,-1.2908664444889713,-0.44668769485558896,1.4900144106936826,-1.9820168849298014
-0.4664001279547324,-1.2785752502703895,0.3675902894796515,0.7328759006541979,-0.39294954498789253,-0.7365091578672528,-0.2747089649479283,0.9056216397101909
-0.7859336196482872,-0.29560229979704733,1.068021079441733,-1.0718867593658485,-1.3234450176685177,0.6933733806000408,1.2848961545079214,0.7434556919257267
2.321796730756491,-1.0323730128048656,-0.6138681847635016,0.3953266900704212,-2.2905308998744496,-0.5012297087955145,2.0438475705060557,1.250261406302107
-1.0525551471802699,2.1789175009556607,1.5079829563333098,0.27197715463319116,-0.5431658860993511,0.7212058877704238,1.4434137875839663,0.12034249600599137
-0.7941723473434072,0.5544916574264411,0.4358276938303094,-1.4950498504489793,-1.3790175067075032,-1.0027607381864716,0.7541293788155516,-1.1813948742726268
-0.24631346891371234,0.2506715681534776,-1.0172639336826803,-1.0405251493250363,-0.8866751812634686,-0.3165795190704553,-1.003245522848123,1.783740000082792
0.4660003763973086,1.0115145796250875,-1.0576267992263806,-1.0502590762076442,-1.2690622504309752,-0.9969076913938745,0.6016809223442803,1.106629510243168
1.0628908483896695,0.8303978440683549,-2.141196908145843,-0.47439416505992477,0.3403394085111367,0.698118759789666,-0.22297770094361186,0.31948918443909635
-0.13539127400948128,-0.2387322075865278,0.5058439924326597,-0.8587832241170341,-0.6455705458802001,0.2905294675879755,0.23843016475349893,0.03228405607460953
0.7996758310234243,-0.5589612161306119,0.223651972230123,1.0920146059336036,-0.7261419101455774,-0.39662840419699846,1.2628073232671442,-0.34632288526043264
0.6498786435027663,-0.8622969770843842,-0.6872882333896667,-1.2581650272409612,-1.3649291941780894,1.1134537369881865,-0.12394308583910403,-0.6870129459033361
0.9076189867422005,0.1911641510839999,0.41514117879356033,0.09736060744982442,0.7718933364153027,-1.4241370621596983,-1.4873354237687482,-0.43653668255457523
0.0902675420011429,0.010929751400733654,-0.6919165373308511,0.4478593959386176,0.27713315935097993,-0.11195924015217627,-0.14781191010862457,1.225239388488562
-0.2829306891048509,-1.278265652121616,-1.116512908387932,0.966132620880725,-0.2790715355259922,0.25170366007443457,0.36165116939747866,-0.029815339445845464
-0.7508175260976266,-0.12926758418252182,0.6321723220705003,-0.927900460067893,0.010685310038352951,0.04312997599294812,-1.2496567417299016,-0.3206754132451104
0.3729099077133939,0.03783687731272078,-0.8449303635278177,1.2685271768649122,-0.613112999571217,0.8044781052763536,0.5319026275209138,0.03972451360798173
1.3639228838856232,2.4419899763624855,0.9600670979511771,0.5330159905528534,0.27306658352991614,0.12026086343471086,-1.3857270190280595,0.8219735983534312
-0.7879550328544639,-2.3869693503057436,0.10217411420807737,-0.36415204181131716,-1.452473703345575,0.8015685193491577,0.21256155489895687,1.0889153760330215
-0.3641414424596206,-0.31003299124304795,0.30879574076640093,0.9449285790282872,0.2050771026651826,1.6871180300491961,-0.33132935332641006,-0.2809708482014847
-0.6349211173415411,-0.8021298889118036,-1.1781205288031333,-1.4312430803873701,-0.3652300918162747,0.45995074279874987,1.5668156469978278,-0.013305112312345395
-1.6548057700980627,0.8254014979622157,-0.8026276565184213,0.7557134782553125,0.19510992669199997,-0.5059850456096632,-0.36320938778255557,-0.5389465690732813
0.6426310208648116,-0.7309487432438595,-0.29530716459282363,-0.6088730427719381,-0.6250982604533034,0.7391205399818579,1.1973358365503453,-0.3344486942726478
0.16489620191255802,0.9640692452313364,0.7885445120091985,-0.4884937933587638,0.8268464108010455,0.10113718912862478,-1.2578155101897077,-0.375942240849687
-0.9399048178246795,0.5553299583110999,0.7496587143114427,0.9535402473477942,-0.217685436931345,-0.5243494138573024,-0.27815283195640655,0.04366608967253229
-0.6773128095685149,0.3488384371472075,0.9225599526091628,-1.7426449493530565,0.8475055412067412,0.8574370096034155,-1.2472635591265946,4.21631787436021
0.863603858833284,0.3285290842672389,-1.5352669413635924,0.19170515690372106,0.05823234912474166,0.5317548843672285,-0.47686611900664216,-1.0342081259570353
-1.1037940808608946,0.22883079352851474,-0.7653292662498363,0.25794367219196623,1.6201920344392355,-1.6432926668360228,-0.27847120440553363,2.155385674062189
0.44656120852690157,1.7523750369033009,0.15361381836652385,1.5707132401034916,1.0375677598051505,1.1221662670654395,-1.1420443670152385,1.3742918820257193
0.0679685420184123,-0.45192535798395894,0.824744974734348,-0.5628640264993734,-1.1361311048747273,0.10956269719175338,1.0498685138524324,-0.3423638847958057
0.6435902558643369,1.4139986079154871,-0.026916972946921715,-0.09818760264999324,-0.7023941487808338,-0.5682893077710173,-0.10532054255082425,-2.501370903934272
0.17952700492553164,1.8151115728998932,0.10590431263723976,0.03830732382124675,-0.6800944342675056,0.6450859274677954,-0.32062298274344525,1.8593723498760066
0.4789247590447109,0.5867450958441646,0.374635895118346,-0.3947672001216932,-2.552560847018397,-0.4541331891017406,0.7067478898503484,-1.93356430754996
0.4455865900838496,0.4307583020612504,0.5824499789024068,0.18963831027908495,0.24845495009585458,-0.36864784369601056,1.1640113793981597,-1.376073044954309
-1.1453162884750303,-0.9871456540995873,-0.9182187745467657,0.6855433662024296,-0.2782613076482842,0.8357175460397933,-1.3133027866767462,-0.46245898619964665
-0.8104699625970325,0.04107253483810255,0.18947644508512568,0.20875926527059704,-0.6790959610506697,1.2506021928448974,-0.34791642208118345,0.7949221140987961
1.6891517900408444,1.3242489028299798,-1.3077105798728417,1.7444113666817995,-0.19104546317725124,0.6750902966906737,0.11017896478190634,-0.009789044972978896
0.08219891832545656,0.5126115928081315,0.8483211337967471,-0.9459303539086719,-1.698885781586053,-0.4743677426502844,-1.3665865010590856,-0.9707249806954674
1.1304635385897306,0.5722838563747267,-0.8086300389553541,-0.6740643358013992,-0.6032488805069128,-0.49588651640784814,-0.2726689979481589,0.06631403237595368
0.8951765324861181,-0.2796306070084009,-1.8717956209059834,-0.012542877672140084,-0.23110808082217202,-0.5581760716830353,0.7607811531205751,-1.958141311778
-1.1854168853528706,-0.869430985591728,1.504870641366314,-0.9909887860313111,-0.4829470753923278,0.3582579797685743,0.03232005069359531,-2.2564272461655723
0.029538512134099783,-0.5859075925549583,0.3082340117685995,0.8081081079715171,0.13405201402076744,-0.7771517378167204,-2.509751863127922,0.1561618922134347
0.46994063268437697,0.20825531035761946,-1.6867441689384792,-0.7996537515383688,-1.7935905925071154,0.04018127635916975,-0.8492613364450275,0.22238031583168566
-0.6839538549848058,-1.4889762736857668,-1.4358192669184238,0.5408281299327904,0.5220647637733377,-0.5167994077168967,-1.5279609563968595,-0.9703215140421084
0.3189034922447116,-0.5517682885838424,-0.980833341026098,0.7961276834065276,0.14871487844053394,-0.9889772450618463,-1.6392297039297181,1.4629365977565894
0.516526444503463,-0.9763622701010006,0.13979072108955715,-0.35799256991284756,-1.5393243559209284,-0.14681525315152452,-0.5244579915107447,0.11110636732813411
-1.004390832587716,0.24711587538288043,0.10566164383286543,0.5638719707909402,-0.6837913007844749,1.2526358313504804,-0.20679487818828565,2.1488833463171364
0.26373260597873355,0.018858771748784784,-0.7589699069808176,1.0349042714449632,1.8323541288803038,0.5277488190554809,-0.2556472174311563,0.0907552802750953
1.4527468008568198,-0.3907893815028403,0.05672733296159864,-0.5418090366864422,0.6133251373504404,0.36658921628975155,0.3619268455957457,0.24785605531839464
-0.28658627128799474,0.3768208255444542,-0.28558036551648064,-1.5971512435820552,0.806794493237326,-0.9331331216674804,0.8599132221204895,0.32548831399001116
0.7266354342128345,-0.1517561602648654,-2.0127214318026945,-0.22033283403336873,-1.524938099990198,1.0581888546387757,0.5245648484947578,-1.9066793014566075
0.5834133397631751,-0.10842909561129732,-2.483565437182649,-0.7242501472736019,-0.6015905489484703,0.31734495138712404,0.06749583443175232,-2.0417322407631433
0.8883942898122458,-0.7224640996952066,0.36225795055672366,-0.8384188400008256,0.7197460107901587,-0.06189145435745396,-1.1169528529137531,-1.2263129034449665
0.6114899204714751,0.47150722890200125,-0.5040734611801014,0.5410698312545839,1.375105711255892,-0.18211555532073836,-1.3324378299577246,1.1987416912602598
-0.5555538331482386,-0.20679418541178954,-1.4850157979554877,0.514575400055939,0.30420773068308543,-0.6531610441747154,0.30064411776775707,-0.39020957213613056
-0.66014866321371,-1.6416044848762272,0.9275572331646951,0.13876301733668947,1.6616680634486911,1.191822006661692,-0.4100225751717667,0.6305993057835839
-0.8515580978639161,0.12450612700457496,1.665384498969568,0.25333432748042406,0.45632342564542905,-0.968217528750711,-0.24427490459351758,-0.19222733083091442
0.5597198848456736,-0.8524200774885463,-0.6861100180660016,1.8952971761226767,1.7215001215477945,0.9848801997183427,-0.4583058919955905,-0.6978044095136842
-0.2456636178492545,1.3720463522067647,0.8534538758640835,0.7901815749416883,0.598365343589728,1.2237166024906292,-0.19150480222659216,0.6684533880147494
-1.4970469809479887,-1.1542901859042045,-0.39743142273917936,0.6245015686941107,-0.3548896027584506,0.7580972935694843,0.6548140991457969,0.8501091708623476
-0.3864273515999263,0.8965480426502151,-0.23185659242609932,0.40104335968362304,-2.35432492024382,0.5958216040043378,0.0019269940133621794,0.723871626920548
-0.08566362219487926,0.6971956464356098,0.7452686101784214,-0.6810935017400256,-0.22095347211407113,-2.2067500147157815,0.12751823105823576,-0.21980652411811288
1.1898093276417807,0.3030764834288163,-0.31613974960856084,-1.2819785673280202,0.6969624168296792,-0.33127462823876513,-0.023906215892287412,-0.23285388272992888
-0.6026453092627577,0.38281094447817704,1.1907654141501576,-0.6716891451544436,0.12669332596208804,0.4541709744261898,-0.38925266083301824,1.0323673094923909
0.6289175958157732,0.146627624022137,-0.12086098197713101,-0.6144314790791569,-1.0261228795719954,0.6844068046917748,-0.30224036625967743,0.6081517385728624
-1.16453805918734,-0.48097972638776243,1.8267295598647193,1.1095751873563038,0.1589297975049573,1.0359380461388719,0.5603580801990096,1.028874655833059
-0.34418365166122583,-2.1381779084562273,-0.3950472055448382,-0.0031899316374121,-0.07660659070481306,1.173466409234144,-0.6434130300737809,0.23482837376340074
-1.1792225448595262,1.0328815976556502,-1.1519640249590184,1.4466451616534084,0.7557115030395113,-1.335901704759946,0.690725904961654,1.7976832734809516
-0.16189463524570394,0.8295421976877274,0.01042605521497054,0.39987106441000797,0.8759137338679325,1.6851200188760909,2.5772485668916936,-1.230766043696116
-0.8538109274649482,-0.13667627086687612,0.3756865968171964,-0.5880294600465127,1.386620059650471,-1.1248749276327266,-1.6347257975237057,0.2881861041905315
-1.7699930789157714,0.46944799838594525,-0.06428628581594682,-1.6689287863819202,-0.5713004669768894,0.39100030994790536,1.050063178118096,0.8749107182330247
-0.4825121015526277,-0.031131184343271712,-0.9951770428366187,2.009702751349252,-0.3917653054153923,0.8317458850671489,1.0631868677418834,-0.8928632066674764
0.5991485830786183,0.9638363221064343,1.4199241095710515,0.781615693646393,1.8725550243344005,1.2035071577673426,-0.5594449732504624,0.6026954274274886
-1.111320721827826,-1.9557939316723802,1.8587022124056958,0.22109179902849765,-0.26686822225086915,0.2874985628663657,0.8164398866084496,-1.4345220865449897
1.169521879201474,0.29490215139116494,0.46760998794692027,0.9325219080920305,0.2875556466208924,-0.6844952956359976,-0.9319656303876966,1.5135633402354955
0.39123691789278875,-0.38334964968319996,-0.6459778921432276,0.6144378314782578,1.483412661920663,0.7258726867986786,-0.04958528006763374,-0.30447032205409535
2.230887178851801,-2.696229430020057,-0.6128366098668587,-0.3147310548169903,-1.0406228864880256,0.11558380091523075,1.410271276832486,0.2835150932456903
-1.5856270813391955,-1.4207841016032983,-0.20158981537354195,0.6867949748289669,0.8634787385094245,-0.8172775419093792,0.6255120725049107,-0.6159700609956333
-2.023701462040318,0.4737236476796138,-0.2321488430314254,1.1278367428327782,-1.2999559809003614,0.24082806083251432,0.08846677741841753,-0.6322981242098481
-1.374106051594049,0.5419426980213605,-0.11661770656467406,1.484005077707972,-0.9183201020009946,0.955796417795609,-2.1370626504295687,1.0094105025847422
-0.727779307430549,0.17584059780668154,0.40818903828574576,0.33754765829614064,-0.9904213171187324,0.6085177500317455,0.5094556040020266,0.03420429138891116
0.2558710163300217,-0.9479938881849073,-0.12153304800740597,-0.010424615056896354,-1.501873245814118,-0.48909951741247315,0.6913177187848943,-0.1251836449180749
0.03408646890171493,-1.2456041786598937,0.8574365823863843,-0.6388208702426865,-0.34577691729800725,-1.2545913999733689,0.3444509654819592,-0.1929589926938043
-1.126696468427305,0.8256461496810463,0.024177579475300793,-0.2568157831315079,1.0255203401632036,-0.4379881777340922,-0.7613986219663172,2.0138989105481206
0.09953800605879591,1.13676751488903,0.8347679563861006,-1.549166336016152,-0.2646166613025218,0.04530335344705548,-0.6000428893296375,0.259362675965224
1.1641367281488035,-0.5579708646333246,-0.037845763727670435,-0.11115127740669792,0.05428251946073496,-0.5325881882039952,0.7260043554262136,-1.4263158884505005
-0.8903649854414446,-1.1874650079738127,0.1889858827149151,0.7888594374646032,0.9449635158809102,1.138260257523601,-1.2492501672676353,-0.05528185407308963
0.8513653557161398,-0.12709766824308602,0.5805083233686006,0.6718370518488688,-0.07958422561729654,-0.5926715895733297,-0.4530455805669429,1.3924949564130054
0.17989786975612748,-0.4920347352637707,-0.6740908530007013,1.0094027181072962,-1.1305272012157699,0.5185466583789924,2.1265078621306404,0.05336838298130053
-1.045373568211612,-1.7775431043075356,0.8223394863110993,-1.1301848107763326,0.2701774680863746,1.7928030647369035,0.4485658906299031,-0.16089419504282
-0.1349966199782581,0.877008231340823,-0.6003139564621506,-0.27531820334830465,0.9345584043006399,1.277347005125437,-0.44981675749211275,1.1276339907619628
0.2946161740169636,-1.446364450090136,0.16863960782039197,0.07577062515494573,-0.11682350714066514,0.1460821631740061,1.6507268038720095,-0.057150207617401354
0.559616401132788,1.6278136991006025,-0.4291752338493665,-1.6001979001578714,-1.2218974449758098,-1.4383753995770274,0.9375122115076222,1.532351822055555
-0.20032186406668345,1.6616141927429433,-0.385453308567305,0.743586482215165,0.5386901339089915,-0.7291248776367545,-0.15272992841959737,0.7958455376854976
-1.3459900509093181,-0.07665811623316789,-0.8137356440523743,-0.8317938662391617,0.6014694132413965,-0.9548439432698854,1.2512492828823993,0.31556851986799495
-0.6642783000556151,-1.334810043931168,0.7022526615690817,0.3193795829995676,-1.097997039638129,0.4981576410139103,-0.3427131622419671,1.5766093590926022
0.5603997525639743,-0.8026228986195211,-0.10031855296259756,1.4610436783621952,1.2134323395753748,-0.43172661394988276,-1.4761785289860219,1.1047150681607618
-0.753314525394496,2.0540473587773542,-1.2261138800442777,-0.42992283490534255,1.5928402373593507,0.2515183703758224,1.0729440626659092,1.2388844298295967
-1.9728174421887072,-0.7728655872830564,0.6811681620182335,0.47029765564179127,-0.5368508362083313,-1.0442939751310985,0.13951308975760168,0.7592313578152512
0.6614688383595331,-1.1479537356863805,-0.5847493245348766,1.0623940186936074,0.9701067897074691,0.4061572271946286,-0.4787031114504113,0.8355260057867195
-0.285903367843447,-1.841888590369971,-1.5462145082276664,-1.997710378079078,0.12993702965653883,0.9703798291195304,0.5155517054825073,0.37186538243845063
-1.0127533980927006,0.6388889541734233,-1.0869224141420788,-0.6775252868638622,0.6307835272590105,0.47190921712623285,-1.3046318511980077,-0.13088504869415263
-0.402355818404189,-0.28585599273001255,-0.7487587205623466,-0.5075448272096725,-0.3277862581806094,1.084020915869873,1.3021032397622547,-0.022485529762310316
0.4167397203322955,0.6523129526581081,-0.7399332227966517,0.7913836505656587,0.15198026979355103,-1.3441473110080107,0.24107968451442258,0.15831782960967847
-0.5430309023682116,-1.069605393030112,-0.9384386628624215,-0.7715322905289302,2.8715878457267467,-1.1609869715753631,-0.3354351150282968,0.21999072794103347
0.9459772875820297,-0.9862875353461731,-1.714820427242723,-0.20818660449382154,-1.9943393992872982,-1.6588605238196683,1.0494750841382934,0.12654409744111306
1.5515244420509766,-1.2272103128540863,-0.4267700234855314,0.4533764384255086,1.176805565254173,0.2614484533491012,-0.26220766871116546,-1.1622992067814473
0.4993211809825512,-1.7108190119576194,0.6417618339319973,0.2170516265044468,0.3906336276870322,0.06633285720052941,1.8396554892241133,1.3084355624934807
1.5720449558997125,-0.9882800574450309,0.5855902045859697,-1.1212480185022922,0.11745865471687267,0.12887275169899767,0.3218807551453823,0.6506261236057769
0.7345606493552125,0.1686545769200322,0.7015981480488317,-0.91338148432434,0.6636136654682855,1.5596864790647444,-0.8671528028096096,0.906999476064184
-0.5392426261080235,0.7284424533210931,-0.9256338169905991,0.8948421750582535,-0.4709082533902992,1.0423197915173006,0.22861434489042254,0.09296363088410922
0.5320067986038307,-0.696291666752603,-0.8227602490249015,-0.10906053758039463,0.24410176631831035,-0.14212533965780366,-0.13330832860726158,-0.973004560470944
0.6591719408537248,0.1428712531897809,-0.5205270531578206,0.1978484560205004,0.731222712052698,0.08312087950795978,0.571291001257528,1.042258360710956
0.8624914112311602,0.01550676687116345,-2.474559061400417,0.5465809722290181,-1.6060022509250766,-0.27408551371654377,-0.24723526590979628,0.9960234681816053
0.3609594041429464,-0.43742947364034024,-0.19113544772755672,0.6342631006667075,-1.486841047250737,1.8881187634964112,-0.8897851010096964,-0.9818285064199935
-1.1111613576364006,2.1292178188754822,-1.1260946860698426,0.02282221771942327,-1.4509580709579353,0.9771762322090394,-0.4700420653994568,-0.42562463685077817
-0.703456967511871,0.2752760931699809,0.6923953989710654,0.88285205405795,0.2748895582276636,-1.054751674768944,0.09955388662821381,-1.4794402779101614
-1.0164640757107017,0.10692476964474762,-0.03787030765145061,-0.2855003646139651,-0.798340231361712,-1.4317498326727178,-0.7157861393077011,-0.07910282495368337
-0.7656161667002699,0.006914075327040016,-0.4341095367311682,-0.45897256105943657,-0.008503840200106267,-1.28517740901768,-0.9425130649934156,-1.266072706175233
1.7545083309837761,0.4267020857958861,0.17858102988728813,-2.4241430369668797,-0.6742217542677913,1.5948806599881056,0.03541775676497028,-0.8122581582745269
0.5847672229054375,2.060534102670052,-0.36953465202072794,0.07554937922890423,-0.5439224821092133,-0.23861533388185138,-1.6418165078424845,-1.9143200274271626
0.22047723927819665,-1.0706170297748532,-0.8609697340876952,-0.7371670002083085,-0.7237583525117394,-0.7906514283215319,-1.1637529320806517,0.7145894814454297
-0.6671529084976358,0.19938056517588393,1.781350862963707,-1.1283618155534394,1.4260670891446845,-0.5712222413910308,0.4026358202787658,-0.41147372681590766
1.1049888163165513,2.607162171753604,0.21019351004012207,0.44611639057170005,-0.11336874518293885,1.7758407595595684,-2.3616003289919427,-0.5873050267430441
-0.07096853470781891,0.005983616339291019,1.5342415301817929,0.760857322158356,-0.8494618028139349,1.1855651231147313,-0.8896643403364894,-2.5820776113380584
-0.2171205509913627,-1.3231237506568843,-0.03850142029368915,-0.4145448562853781,-0.8703011841243997,0.19589940374298825,0.06759680365874118,-0.03626035856000073
0.1906021723782967,0.06421104479530394,-0.703139750112695,0.5314705810646952,-1.1359361982847571,-0.45601782072833713,0.6483739112997442,-1.111699715163717
0.3215442122549567,0.5816714589522486,0.4286687193712522,-0.40514574147426624,0.8132165608138089,0.28762602537035636,-2.9334208182614554,-0.6481515243723771
-0.19028482677141934,-1.330609772141335,-0.8942997895705308,0.8731930105904728,-0.39887409294590603,0.2107864601424915,1.7832327646081392,-1.280377596383982
-0.4450642906431619,-1.2140656955297227,-1.1421163176589009,0.5864063546663922,0.3145451078108145,-1.7255966780576038,1.2685578841084837,0.48581634869683343
0.45788216456320685,0.34133103080777577,0.18055306583211517,0.021449909447927348,-0.24226917822620048,0.7071116327737368,2.057126493337431,-0.8755812569660665
0.3710464523739298,0.4370217118542029,0.4235057599801534,-1.3844070230666141,-0.17290086570305538,0.08023890784978804,-0.34707060712525256,0.6484325822964534
1.3704034421815225,0.0063607150471575264,0.046844780979190946,-0.6798592379349365,0.20077538176950277,-0.6527582148010248,1.072967435171847,-0.5789863073020708
-0.5044073139028377,1.072229629801885,0.517633497152076,2.097634776039292,0.20082108403436233,-0.8009456287136787,0.7263872275766234,-0.9944025392408602
-0.5071321952605232,-0.4875539010303351,-0.6559659762411302,-1.7534186729111514,0.5580369951944664,0.09327081030664058,0.7313802315068778,-0.5375362616921868
0.9296644624237194,-0.885385793995498,1.4161273266761982,1.2156818838406616,-2.111651486127107,1.8477308929080642,0.8894801897562506,0.09227128123975914
-0.08467316708967818,-0.5399966251040245,1.8050903955562692,1.3116445752926311,-1.2513054946095605,-0.03326705035227816,0.46273693622532414,0.49603539193377405
-1.2142697953217112,0.17097798686973453,0.7476792373039295,-1.0630497300364572,0.1596185476740981,-1.4601112920408577,0.016903369388827468,0.7439318428833872
0.8438264884371812,0.3836531484172357,0.4006654901479413,0.3298949784219411,2.3291189813776936,0.8083214700325361,0.399614298494755,2.050130206985813
-1.1425511759012301,0.8260244172493693,0.5803783709164829,-0.5318028749999488,-0.03627886537314563,-2.3375796361015384,1.1032580068449451,-1.4166986295740926
-0.41286336224353265,-0.2649800941322251,2.124742676757934,1.094613102680636,1.3708469376450172,-0.6232941823534637,-0.47819488518410386,1.6964968833050111
-0.6368636286678648,-0.16718781001758115,-0.5316399460043728,1.9103038413391658,-0.5764431585268167,0.10144009905236342,-0.3657256270008081,-0.6832756438853234
-1.7679902773067544,-0.11924260480175072,-0.27373553053021954,1.7421112748114298,0.19000593400105184,2.642257768359806,1.4454617660505826,0.21817717499663408
0.5164704761293043,1.1374042934051225,1.2946092398670006,-0.4316808757627176,0.5609530925477175,-0.75746881826673,0.7537717138111353,-0.09695587420483276
-0.4009546154800776,0.12253422717841798,-1.4735828414001149,0.467241234911914,-1.4145480612709536,-1.0353556982484595,-1.1690759217936508,0.1006207265400697
2.0127728594324155,1.298774869163951,0.508869935719946,-1.2893210187111903,0.5271937179289882,0.41758422986016186,0.16793037362313135,0.7525054822266855
0.5607418579982295,1.05400444923664,-0.19341464628348617,-0.18893693020538432,-1.0743629092246156,-0.2651662240927257,-1.470730955224299,-0.0676288975214458
-0.8083523269002575,-1.4054126006997423,-1.677336435390813,-0.8541415365561097,0.33786927161728364,1.0141933303374489,1.182528202518394,1.0206876389610957
-0.17012559484485154,1.0280811802774308,0.2966851632689372,0.6034975810173272,-0.41546315595554645,-1.1845484734750913,-0.09048203418862585,-0.6193592831166538
-1.0563986567671966,-0.5015281082591648,-0.002164472468547532,1.0976051913437301,0.4797823662457827,0.41507042137431793,0.4521753389940432,0.49076277771434973
1.0462641627514666,-0.2024118708575544,1.3785336199281313,-0.11032677449066891,0.1888122775673656,-2.6034907252373714,1.6223012963835595,-1.3498273472155282
0.053589000487122826,0.8711363508529034,0.7954936026135481,-0.09859868584522481,0.26397714516194803,0.9602714738457397,-0.6248698070338653,1.3759464890631006
0.7085507425111017,-1.1108946165168923,0.8855556351984329,0.19311920425146195,1.160889410802059,1.4319556749087852,0.8314457052622481,0.3928517168564248
-1.0019650501376849,-0.7342889736377524,-0.5687181990651006,0.5868705707816255,1.5425815883410434,-0.983030887667173,-2.290986407091617,-0.4237268031178453
-0.16834230038471504,0.6657986834478941,0.4246339670468999,1.8904634362147927,0.13040049379186902,-1.953191403006568,-0.6733508087685544,0.23837037189482235
-2.0307927174226097,-0.7453096733619154,-0.24068596915211626,-0.864664431039881,0.01901768118264976,1.2237995336887084,-2.1528447891215805,-0.5191100949070013
1.586121601760697,-1.1512131756357544,-1.2469241054374667,-1.016301296139827,1.2147880483295168,-1.434876842586531,0.9281369455092418,0.44434854069212404
0.09667848745834562,1.0903762215470716,0.7037234479627272,1.8235895904398187,-0.07731085881711827,0.3177796960921629,-0.6279796730924401,1.213693855183204
-0.18169832319738446,0.3404229114386978,-0.3969717250861874,-0.890170831412451,-0.35737341989119265,-0.37542108199115265,1.1836102102116834,-0.15737457829023668
0.581802788320127,0.19000163877368412,-1.490940927752423,-1.110070365025422,-0.24746646552670168,0.5001861706495645,0.9793330659564755,0.16699559842622824
1.3260106401946383,-0.7537093460747614,0.7828083614308865,-3.2146554969049794,-0.19303205066929663,-0.28877966213970396,-0.14086178166830698,0.6430034954175894
-1.003954629509669,0.9459667221555804,-0.32750945695552536,-1.191843727222667,-0.0428841826576473,0.1738205199493866,0.9442835474841625,1.2488218889669924
-2.259885124111176,-0.452251700701924,-0.7316822762833908,1.675096336198522,-0.033617154101022215,-0.4855195459496961,-1.202300508782112,-0.5023274102529319
-0.14296981658562977,0.06173808568581855,0.08747424492422062,0.8146063245664615,0.32857042918090784,0.31174307327815065,0.09115370468851516,0.5542658248867711
0.1731314050701532,-0.2525527466897257,-0.39188767795342244,-3.1252693395387063,-0.40100696423757676,-0.9181368140156929,-0.40578899549577446,-0.468538705337231
-1.2653892036715084,-0.4556667267421964,-1.1464947564967465,-0.7939816760521274,-0.6308021609773449,1.777897580224196,-0.7362593740554317,-2.1819502321244117
-0.9807923060489876,0.8286383139007036,1.6513805811305418,-0.6160038038489802,-0.372332610492018,-0.7411963400293957,-0.05553763400378955,-0.6337411055639435
-0.45056048345161326,-0.9703098038806259,-0.42715481139320005,0.48803426876274764,-0.06384026807301757,-0.8114917786374335,-1.7279609556214977,-1.1346710503319002
0.9240691447902916,-1.9624036217874619,1.1525316481707004,-0.9627286654715216,0.007067523541387208,-1.8000219728662805,0.25001575106096036,-0.3218276925388611
-0.09661560402551943,2.065531253255973,-1.1791862794294812,0.1332054618727115,-1.2387415606485084,-0.16879030699203484,0.2555169138138046,-0.9951793054790065
-0.17175693141450793,-0.7193913085097072,-0.373492771594654,1.8293736047931397,-1.5870299570297404,-0.5440947292645977,-0.2850136579421461,-1.543584586526956
2.1908773014555742,0.028162506315376874,1.3822281090175856,1.643371869006768,1.1894728899974443,1.2369886852723182,1.2096656738502607,-1.1740348734341417
1.473326495138201,0.6902305073263275,0.1815365944649904,0.8793208245625314,-0.024578989144859797,-0.3090479505433008,1.9668557703715193,0.837876089801316
-1.2373468923378759,-0.8500796060474012,-0.6338240954651663,-2.230425140638436,0.9860580649010573,0.8723907048328735,0.8772293346104231,1.7265017703292465
0.5450858951458314,-0.5702101543908039,0.8629291426514538,0.7839520935315007,0.19562235228522956,-0.1303388004414842,-0.2674242938224793,-1.2222637193538513
-0.23523355714998334,1.7048437295703258,1.9909596405959242,-1.6363868119241232,-1.46196177741032,-0.6218891361577746,-1.1602186333065303,1.367844991091556
-0.587213461078744,-0.34090142803343293,0.9666958973000311,-0.7148872956090405,-0.393979417148697,-0.9486103566293135,0.8485732427589714,2.4562960463477
1.1382631893464625,-0.5843348897521665,-0.7521914507477249,-0.29208096470793476,-1.6231259482787246,0.7232108189241554,-1.707854657578719,-0.6407289226683285
-0.11864373278540787,0.3749516926968234,1.3538452596179344,0.9227238259210994,1.1366259941358394,-1.0503212848011008,0.8387283555181386,0.1980973890907446
-0.2542116876216719,0.07033631527509476,-1.572799412462145,-1.044240725283447,-0.9325159236642886,0.3557815513467729,0.9717527430135949,0.8438276913537842
-0.7247738424505958,-0.13545061172448383,0.4135952331586014,0.5308028978652407,-1.4760530895536996,0.016967584928850248,0.32798458182653567,-0.061670076388807435
1.1412906479216052,1.3212451313994995,-1.6898359487649774,0.36153165558394146,0.3180812009830586,-0.8304041056694507,1.4100002077957192,0.052820006688447635
-0.4972886914823852,-1.0591482949561009,2.272885689189015,-0.3322049249004586,1.0108196209173312,0.5802959820490196,-0.6997211600943375,0.178869780469079
-1.5724452510322564,0.1393938550348882,0.4964721550272942,-1.5606603683519515,-0.09541963891776484,-1.3898993863017473,0.6081138730836845,-0.710361682054235
0.9335314178717016,-0.8501613919553009,-1.1795698206317466,-0.05089397952695896,1.0459230068001488,0.14416805572839125,1.5914516878677318,0.48524576898247573
0.478305768345908,-0.21448959957463007,0.5754440107080964,-0.8962369063707806,1.2787154055191294,-1.7488574126019159,-0.7810054834619757,-0.5758058516193465
2.391542779444883,0.19456140945733283,0.24256596204866962,1.002948153568367,-1.4559566898069052,1.850537884163377,-1.5938242615589109,-0.3987133667979278
-0.0536274167549693,-0.0364519882739039,1.340899251388037,-1.4376899247839217,0.15244366639940382,1.0060931456425832,0.6160681582110122,-0.6118009492012587
-0.9867764026226546,1.2457736081616437,2.8440503597130817,-1.5568227177379015,-2.5331842866566525,-0.027382606145009397,0.5257627934577385,-2.1767826190457913
0.46226404672536175,1.2549264869314596,-0.6796445836242835,1.354397088348239,-0.24618623342094859,0.375049148776423,1.5357030731284684,-0.7176442633428388
-0.006734032581714202,-1.273639687844456,-0.13024891363097482,1.2504557154012677,1.3886128879883246,-0.8843642544266157,0.17527448089277056,0.24509699669150312
-1.1171516670315575,0.20761926970653344,-0.5845677966611231,0.5129804419518238,0.7392451015031796,0.3709588169095073,-0.20078960662496598,-0.8139134445740289
-2.549478725504107,1.3889484535357037,0.739249200808615,1.4280923834901205,-2.6017772338353065,0.2776163263838347,1.1309432048795396,1.2589525801128727
0.8229342254208484,0.665609366033377,-0.8608927328606256,0.4201572758628789,0.6615735739846235,-0.07190461652568722,2.0708054072193733,-0.692652699334044
-1.2482127967369547,-0.09795169153543445,0.5124457412210277,1.2041372718173233,-0.28394124516960706,0.10535511891122241,0.6435490007192202,-1.2519428644767099
0.33229703220578233,1.4276463091704368,0.6422592904931813,1.2979708664025027,-0.09184962239198718,0.8100534802924478,-0.4395335884441389,-0.6771093510704194
0.4430146859829143,-1.979299047544678,-0.39960306004693463,-0.6794229475858,0.6421990359329195,0.3014968095820957,-0.1764304837841339,1.2032733786238785
-1.0102579912364802,0.01121905822586833,-0.448466388293151,1.7850789254515702,-0.1485431140023363,-0.4208465228967624,-0.9516437880696937,-0.15878169544132623
0.3121002753884103,-0.683299833825185,0.5258513712059874,-0.08534997050985711,-0.5845381317268855,0.639338256270529,0.026532448351792054,-0.6625003450362569
0.23863186184817267,1.549935196461118,0.7156695651828225,-0.5856714144266744,-0.4973860763987487,-0.484873241285167,1.6978755742273923,-0.7135468216085581
-0.520192125446782,-0.8212906948742208,0.4840996490669455,-0.060179363983598695,-0.3632632540782022,2.076959216254168,-0.7233937704026067,1.4104969570441666
-0.7907117551071094,0.8582815697322054,1.1539251920369988,-0.432385874034178,-0.3356745517125784,0.8443629149036966,-0.10728684460628259,-0.9851379050290255
1.4860575268572238,-1.6473751715136835,-0.7377698172233262,1.3002248617708094,0.306442163700442,-1.1407230444408458,0.7433653048552666,0.16418474622648593
0.28454975307112623,-0.28869248793164715,-1.1186487180978675,1.264126677826669,0.19046364497340862,-0.2515996554413727,1.5969970706187093,-0.6495808656964354
1.0834916883153396,-0.9285198297585183,-0.1904955269118174,-0.8705184348434812,0.12673421245845498,-0.9136699389133212,0.9892770935548386,2.6700902471102155
0.5598023778002791,0.4397598497932128,0.18040711439177418,-0.840479379693634,1.091420967632491,1.1563877303467647,-1.515689888587842,-0.47888958858701486
-0.5057505080844154,0.03500443641130046,1.3755412733068415,0.06441342547566178,0.6723136137861186,-1.510790848033553,-0.8900013065515086,-0.33316746189963775
-1.2566628748251438,-1.0650472598844791,0.6682305153014858,-0.2650635007709178,-0.2136358325199707,1.6540100477386803,-0.7068513531609636,-0.42487247863487615
1.4219519781497758,0.020593230837834875,0.6154737641490879,-0.06336334050341459,0.35902706292370845,0.04184575693626919,-1.2006475772406249,-0.3956877690588053
-0.1619297539599615,1.0186783928652654,0.09417616661314834,-0.2992990375227449,-0.7665200210292367,-0.2456243996866834,-0.24569983408021717,-1.0435762413513532
0.9294637847816132,0.11352844344459813,-2.3313429340314613,-0.8072360027829525,-0.23072958140091562,-0.24008555076530338,-0.8803971790961811,0.9206138990288163
-0.7772612709342004,0.39276958591265304,-1.4665458833346123,-0.04173088967311961,-1.7339537400929614,0.1559218939660009,-0.012252249396590963,0.4003205738257123
-1.4282490731690967,0.9486099543232412,-0.7242325583387431,0.7716300989363162,2.082713231590328,-0.16085136594802835,-0.16629872269191467,0.06829538626323396
-1.0163501684827263,-0.14771064026049335,-0.08603774860189634,-1.478527632107398,1.6778779369572971,0.9173999661389026,-0.7516903106814042,-0.27902910315675594
-0.08512401856750307,-0.7962990829576365,0.8750317464154518,-0.6910410962104324,-0.9851716410629774,1.731060392087197,0.03882892058892105,0.6093439216731527
1.9201487045721675,-0.3371761007981684,-0.4696447229154349,0.7796151875096802,-1.2826111270775473,0.08957287758111036,0.010225556368049626,-1.5769746245959146
-1.7443054499594066,-0.3555323070264119,-0.709833648612453,-0.3461700304024655,2.2436024467641724,-0.33382886576335646,-0.03074177685154042,-0.3913860697265393
-1.5404035420844704,0.8661181230935378,0.11260132266556384,1.4983746276239944,0.00692819899201416,-0.6024850280278735,2.0539127892349436,0.4358583316504386
0.1949677014837524,-0.049291238381906355,0.6988219849111901,0.815665313568829,0.093242934759279,0.5070971708911386,-0.9194337909316017,-0.27530471259279754
-1.958676614032073,0.4076129961016358,0.297841361931747,0.8059404642310144,-0.7914742572338199,1.1612975055081507,0.2599737599249543,0.8508770171812049
-1.70504475347468,2.1586247482485827,0.29473768495176234,-0.0717982718886611,0.9294813015785263,-0.16933475415776417,1.1848381885748018,1.4082801525123618
-0.9986631060850215,1.5774429518832913,2.9645109029999803,-0.8505212472239942,-0.11455501055932239,-0.7333967536817968,-0.0010542227487715511,-1.4008543893549876
-0.06232385995060935,-0.6027610082004242,-0.0036985466975932332,-0.3107218663318755,-0.17437372789273314,-1.0562179104449392,-0.13719411041870472,0.5851032706879868
-1.536895359983418,0.550966286823101,-0.30564264121945967,0.0463861815235732,0.5887413185113343,2.6048222450193386,1.0607614464178603,0.2301522261302225
-1.1415868047431545,-0.25918302709010627,-0.6770570904841077,-2.1679446661134185,-2.0527295182570584,-0.8842577151541984,0.9299728440688113,-0.8652297482020049
-0.3519759533374848,1.299951431455243,-0.9239758757935531,-0.06465991958088163,0.8301342719702034,0.20707172932390697,-0.3282998411102587,1.9206818717810528
-1.5871242253539102,-0.4959392747483308,2.857854683394132,0.0038760517818472056,0.748581633101326,1.0906644900093387,1.6259940603664427,1.0715044058256866
-1.418172166473466,-2.393638441600247,0.3177601400036567,0.36159648545701384,-0.25240810064942354,-0.39796637158434023,1.8821321428653806,1.8312774158648526
-0.32562783833960895,-0.6253878208424946,-2.182202429910899,-0.5810281123167925,-0.699155812238174,-0.8123060097919493,-1.8039189897795083,0.9608289768723796
0.24196288227217136,-1.5036483809816596,-0.3570041415119558,0.37309735500843494,1.6154239878199628,0.04986601436104024,-0.8199787511340234,0.06885798287291427
-1.2947951863280107,-0.6201521983448762,-0.984284795180308,1.5933375850303606,1.4187051337242238,-1.4153783711506145,-1.0878209180028013,0.5460789027205133
1.395475946877448,1.0459612064612918,-0.32180055120291196,1.7825801944036617,0.8883849436308594,0.5302445203362054,0.05669139923906561,0.9554258849803998
0.2981043230336439,0.6485182973510887,-1.2553120025350186,-0.5656481488266442,1.0894737744875844,0.522056689086405,-1.1799015399762869,0.009477444463901839
-1.0643032170224629,0.004721669362179259,0.856721683021515,0.285353874923082,-1.0324482044597934,-0.32935907003429354,-0.3501498439783571,-1.3602434766519724
-0.8549725163625438,1.1179991352654843,2.5289429320145755,0.47614536568083393,-0.4122454178361207,0.26919750637993256,-0.02542290773449433,-0.5607676501279433
0.3273787366563038,0.32894556360094074,0.6713589415267126,-0.5665563487234508,-0.35408317617849366,1.3256716894375213,0.6841891150518635,1.2089642939158478
-0.5418728906772619,-0.5230197326482188,-0.7515493379018452,-0.5552366621586685,-0.4188886777370888,0.38500517679542323,-0.22230927790080374,-1.8046803724292386
1.327809521821765,0.5615332177406286,-0.5719537814392972,-0.8746352574254518,-0.8643877555541613,-0.25642187906284813,-2.1535082259139333,0.2633599285092867
-1.2126027065189429,-0.38709022312464586,-1.1795817376602673,-1.8018089416948289,-0.07607158302313842,-0.3650008665909617,-1.4878464229693658,0.17482543646312818
0.1849842723654797,0.5057473451767852,-0.5405278304861814,-0.2251773437006855,-0.9912782924554594,1.270313782551393,-2.2370788939190622,-0.19354171201127734
0.745237097446692,-0.5043206079583986,0.3748097703223848,-0.17820687302917465,-0.14058589504570468,-2.2532707483998045,-0.1081325460279897,-0.25618725188231767
-0.5019500239618767,1.1440472267889832,-0.24422753495064609,0.08792834821813894,-0.6908921797411693,0.018768890807376128,-0.17121086538836924,0.3236515640078451
0.22267999417522813,0.7498145665159544,-0.5940922349262456,1.0434137255009925,-1.2976944148483183,-0.11264675878822988,0.7863224288818015,-0.6411723357678022
-2.047869320882844,-0.7951474687767823,0.5713950162681485,-2.5387140287668797,0.4160482675018242,-0.4752492222233231,-0.7035716619456649,0.27209195576243844
0.4756081363475656,-0.47732637466906097,0.7276306381830197,0.16047094195683884,1.0719968402752573,0.6259340155651599,0.7191789246583075,0.24825703759536752
1.8860395599910145,0.4869111640159508,0.4634915289544448,1.89604123169493,-0.28077929766993154,0.5115690465687323,-1.030856948599855,-0.9109540341487578
-0.24603085449057718,0.6789295724134157,0.020981042234078703,-0.8513012640660695,0.3130235319248786,-0.29717506099527363,-1.028073660160931,0.32540679150087337
-0.21102520940253572,0.4622515464777631,0.5077749854356406,0.7646502994136204,-0.8165468795237272,0.035266028872634754,-1.667946405877768,0.8089124957873941
-0.09983715059624287,0.820796530125899,-0.5044895932141491,-0.17138623198537367,-0.47607341825041877,1.6774078814930766,-1.4088695474642317,-1.2771265298205354
1.3257713865704839,1.4883030284698773,0.4561741655220203,-0.13087080722120262,-0.17455654648074,0.948441209672422,0.22078894856770295,-0.2895356349895275
1.6494437661398214,-0.0312632496891415,1.38706899304397,-0.09522505060964775,-0.32385892703293806,-0.999205457714146,1.4818403085008784,-0.2567046396415534
1.2059737132567492,0.9626611783872564,-2.1900823420422446,-0.8239982235315915,-1.0909736853446206,-3.1617159615997714,-0.8089052604201225,0.37050023497117013
1.0330907910861342,1.78898809878766,0.15658987250888334,-1.7618470541245996,-1.738692334498262,0.3624525273094937,-0.6524393989742685,-2.409847984181527
-0.25603171797366214,1.0803694195107716,0.25191081360166173,0.41547266483432477,-0.9324683614747244,0.7762013193187361,1.4144832416279496,1.1287255740057405
0.5376679279208791,2.303649892833446,-1.4595591355702857,-0.12864937914020996,-0.1879868640764433,0.8302308370263005,-0.24303529098809926,0.2525570417036724
1.4264926277975114,1.057405174134099,1.3307711390795542,-0.8052577278085271,-0.004171470669912756,0.9285037137637363,0.22373893655134397,0.6612786325930224
-0.23183910807427502,0.08271876941270988,0.8099690262632406,0.13781595088915233,1.2079809792860796,-0.31362423494704855,-0.8188157617981594,-1.3992749778327054
-0.8565690170875772,-1.1402599038996273,-0.5106155390138655,0.052192128409793745,0.19935949907264236,0.6064615388232986,-1.0499429151014563,0.37909923996101375
2.379723683480949,-0.32437982413506444,1.1080571902833911,1.1301445742605059,-1.4374165666376508,1.842478633927236,-1.4128050214174275,0.7253069990338318
-0.15239474368054196,-1.7426278486458124,-1.2128258066150586,0.461686506508639,-1.2386321529508428,-1.4417415373419367,-1.1123535128387738,-1.2771537618892415
-0.8874374340903138,-0.19737988460234263,2.2656172732628126,1.1312780329245917,-0.5516323763346512,-0.4930286075941842,0.07223289878245837,-1.6095440166940878
0.49777251723990645,-0.9938016642161046,0.9774750128779605,-0.22621621062246375,0.48056016916404487,-1.2463853707674002,0.43102631185621443,0.15529080426287795
-0.870593412846688,0.7985202900053052,0.8525399248722815,-0.40627813432894755,0.6797385503371621,-1.448770708761469,-0.9276047921260105,-0.6998424497308403
0.4057425120254308,0.5173803497652399,-0.5612227435597577,1.2873167659966285,0.790689544623204,-0.5889869401668083,-0.036945435959890534,1.7721921628051145
-2.0747604226411114,-0.013150894802934212,-0.46016458911936525,-1.1133923102872147,0.2895830558370115,-1.2031855584001199,-0.29218019690290964,-0.3906521703750068
0.21852179839285188,-1.5253073383166584,-0.8891960151651579,0.4693991395317514,-0.09738296407725314,0.8861522552453899,0.08227518565462014,0.03816872119455974
-0.7052191408870405,1.194664450030372,0.9886107845747516,-1.7248647361433584,-0.3177354175293935,-0.09090543661876964,-1.454806956449192,0.08747533126875949
-0.9712222276380006,0.8281610182228755,1.1398828218341484,0.45214127658863834,-0.46124316856464015,-0.19245883327312568,1.5147980503115408,-1.1525668900451917
0.1550022738705388,0.846818646906452,-0.0497017300519056,0.14969341835286684,-0.836280934585216,1.2870157519082897,-0.5996761684038497,-0.04133614748833489
0.08890635193898526,-0.17130171464946228,-1.8425476203288138,-0.4773609374212127,0.939967704539677,1.1666935962251341,-1.2043051676767338,0.7805522758280248
-0.07967563337714005,0.3043304101583198,1.0308134059320446,0.17074918902202282,1.8276581721758967,0.21406178019262495,0.10990150838096101,-0.36118581032850006
1.802448083277254,0.3482047003384285,0.11016632802876031,-0.6300062795315859,2.305050574053718,-2.0007150153179456,0.5266370378010371,2.477465989273556
1.080372866966856,1.1260431971714737,0.26410880130061826,-0.41372706654819635,-0.050674120434388334,1.2401106082045639,-0.30173387311817623,0.09047301843218529
-0.37538935823202774,-0.1905768820279869,0.022558853777964308,0.855021852682139,-0.9485873145492049,-0.6893670162535751,0.60234405579554,1.694436767070129
2.5068821713856977,-0.8983007114043219,-0.07129811679629727,-0.47486103928452883,0.6351848542608561,-1.836875438482882,0.7762029510219962,-0.3356276562568489
-0.7487172261317832,1.6917800893947392,-0.7992438254481323,0.9268507465888497,0.0536554539609308,1.2793829410442548,-0.415304663008588,0.3564869770183289
-0.4451324827262328,0.229159443758047,1.5552661438378224,-1.2235129505973164,-2.2971362607215213,0.8314128039366933,-1.1684692965238295,-0.44345479591918746
-0.1130255404525886,0.430208482199018,0.5539991022892582,-0.7549685195510616,-0.38408216530565004,-2.0180937314722915,-1.1607222973421316,-0.7609588647512459
0.7462934014364743,0.062108036589899676,0.13484834995707712,0.18866711649101897,0.35817774883401116,0.5727844884715458,-0.9510616867279351,0.04174877384194762
0.36772700250475515,-0.32034449048749447,-1.7560726295691709,1.1664132751979635,-0.5601335957535529,-0.6050417618251898,0.5048154120982965,-1.0160506758582262
-0.5309913706705337,0.13495370222345973,0.33706767600615295,1.0181323171163383,0.8719142340761667,0.6193139710413983,0.10626309317814174,0.26413809266880073
0.4196033849707726,0.38042847145096376,-0.25935870248151244,0.7008341787478245,-1.0014248557845904,-0.5187432320750575,-0.23977219806754224,0.9487561747394109
0.29461172893358173,1.0696077573838416,0.4779516067041368,0.741923040038929,-0.6395779127660269,0.740271365442083,0.5353565765658486,0.36144253947204175
-2.3496964224312737,-0.49913413521209954,0.863631288790962,-0.4220479940974805,-1.3809708791674893,-1.2808698142779738,-2.930122088382787,1.0062026335304333
-1.1949374795580705,-0.09401947370687137,1.5044368797008287,-0.11883373213828144,0.20925278555366497,-0.8264102696794635,-1.1939995138636554,-0.19400708118271703
-1.3449089237901786,-0.023536116026971834,0.04138121511915648,0.7794621036524172,-0.37696332979669456,1.1376278432710853,0.8226366167944079,-1.4132309703904042
2.986526763559351,-1.213186007302563,-1.0098843382469238,-2.080002064066225,1.2312980812104866,-0.27950186601189525,-0.8622406307449905,-1.2771285157360628
-1.2646405104826357,0.36997555488518846,-0.6739821141730541,-0.7995066321797126,-0.005803548435338288,-1.3668502626099475,0.19774123506503896,0.40890269107377225
0.23705116179470093,0.3535109999466059,-1.8568201147510206,-0.3498274591358236,-0.4228519358059106,0.5048814049587326,-0.8441372109386893,0.5921094447121201
-0.2547161009249312,0.22076488077797024,0.9235835623194696,1.5995198612581345,0.2950515903898378,-0.17600217756227404,-0.07840259992929864,0.5557628325665367
-0.36595733430279365,-1.6675098573850287,0.8873883192185926,-1.2792707781430221,-1.478041618355582,0.47523226750169356,0.8305152614390278,-1.7320005310559674
1.4293717637257612,-0.26219258607246854,0.6034248786205191,-0.22376291824602512,-0.3364064179103405,-0.1170214218540898,1.8669641182367418,-0.2819622141023669
-0.5692273133607554,1.8915577572667341,-1.639364954408766,0.03610021816352086,1.1644390028155478,3.2540989543691476,-0.7380010552028498,-0.6050930043447859
-1.045682670435674,1.373743773106808,1.3711081431308771,-0.6996546726427194,0.18422024867836975,-0.920953618038225,-0.9869316513874699,-0.08406395331764041
0.27965772725485294,-0.6004996162836023,0.679933690634786,-0.8678411511832963,-0.08895223407275253,1.545745628771188,0.27112793136523344,1.382868546945042
-0.5678329135895415,2.016253657851752,-0.607874549796163,-0.08236267956012132,1.501125201989013,-0.5249870197534604,-1.2316986904479137,0.8270179167527129
0.36112134101144416,1.6530580127618972,0.1358270545474533,-0.17508539295131975,-0.7747650273664497,1.9142460526705596,-1.2705863129331734,-0.6362566872567038
0.5892806805750328,1.3254276717262148,0.012332626289984605,0.7848594578694051,0.3589048419603957,1.1206228177070885,1.4438858965953627,1.7627803558142556
-0.3218247133333714,-0.2389207850078669,1.1992536321567024,0.7204560420048933,-0.44049957721191185,-0.7159826821107061,1.0671272022705613,0.031068652015706348
-1.1506540084283126,-0.6449315428080823,-0.7410208732527322,0.8123326828103586,0.16987047808447203,0.43982583015816984,0.4082133000395987,0.944730204629278
-0.3347459788767608,0.11097556566588908,-0.9876585996061639,-1.4039062431464522,-0.005888289880991567,-0.8616505755100204,0.4039116925014127,-1.3194857300742149
-0.7427681173129236,-0.46677940672330737,-0.6569838454134636,1.377611078901242,-0.4459660773270832,-0.8285582889613572,0.8657241627986663,-0.24435039498535663
-2.2708708157792357,1.1520687493012172,0.9037458936752605,0.7362969767566854,-1.498740934192044,-1.6387586330388992,0.8614091109643766,-1.211897575427822
0.698348620526121,-0.03288942876414582,0.37951421206236635,-0.8049732239321921,1.108514208819722,-0.40155604643496545,0.027460315759442157,-0.07929172892401458
-0.5797782742336383,0.035737417079380655,-0.6052096927077388,0.6533847736948759,-0.8268917524852073,-0.05076208036857847,-0.21804544605870851,0.47545253849698244
-0.027133034903106947,0.17975220743730946,-0.4917099398680448,-1.0721888940266022,-0.42396603592555393,0.7999544077431024,0.2098812600456405,-0.5719529032546758
-0.14629355963808333,-1.544934535068961,0.09209576359409978,0.17937177091882114,-0.4429548467467354,0.49217950963590484,-1.5430506470057066,-1.210462792206264
0.4117714061977174,-0.5340094715162494,0.927365085811445,-0.3476025987852808,0.5132536428862319,0.7217791672296727,0.06494231609645802,-0.5265223554579529
-0.7315641463487731,-0.8279648115745858,0.4375934148294822,-0.5155750758733625,-0.9855592513541415,1.1527986628820635,-0.8115202640433583,-0.8145891034966936
0.9160202470492731,-0.3933022983618678,0.17888936894263185,2.805470308054929,0.7880244082172504,-1.8189638038730431,-1.3525348542165356,-1.2439740909231793
1.8159885030452732,-0.5961368495345237,0.5243759620954006,0.28639447098953447,-1.576294436338342,-0.30362747155046615,0.5719242963811838,-1.2765138476614555
1.1659123307106554,1.3669630018401664,-0.45175702571545345,0.4435646170787993,-1.6522611478239386,-0.6004688856885716,0.8377967159555888,1.8909239628349224
0.9833520830878165,1.3348811188650702,1.434358555223741,-0.9761565930189166,0.10474374880052145,-0.887826337579805,0.5026418942665211,-0.9440301454986046
-0.9727993863941861,0.1792406419505866,-0.8315784912912825,0.02125641598624375,1.283455392131142,0.1490775786673816,-1.3208742115449172,0.2531983942062771
1.1524906773664754,0.01625284129359478,1.133135602961009,0.8992739569911286,0.9416629702430918,0.06755093406106245,0.36565571905528355,0.41138481865730947
-1.4442994536655425,-0.4416051933468655,0.24882323992995514,2.1187743037572373,1.4835248594533978,0.9987130563765949,-0.6424153604058929,0.1333580079549007
1.8767747879038565,0.8576563951575367,-1.535666045516908,-1.167994528078335,-1.572417589751668,1.450976748414628,0.14211786634471393,0.8005807215383567
-0.537553826025762,-2.371649989764338,-0.8865463040299898,-0.662775283590943,1.0100672226757623,-0.46801589912369324,-1.0548529955987584,0.16883356403295466
-0.5531955609318547,-0.40400683109679286,0.6352119304077875,-0.1520433761579908,0.3218585015322876,-0.42716999913049014,0.5519691974121341,-1.1917114894272585
0.2030147126457987,0.5343233732036213,-0.7485908536691054,-0.43930831579348745,0.13883598348504794,0.29493122113561815,-1.0094424307166967,1.0052388808986608
-0.4196649278271758,0.9890343341953893,-0.0339835199093645,-0.5177223541338651,-0.1466715050871322,-0.8071691619401866,-0.7439244261480114,1.2931775892748396
-0.01386779428205615,-1.0288128088720807,1.7361828897337213,1.0500138325311872,0.7718407781406715,-1.9685472489279916,-1.6265626614009876,0.5765421474764085
-0.2783561748298584,-1.2929853894660248,-0.0214945037529015,1.0244286992254685,0.16403043370131284,-0.831730749479453,-0.06584647706033696,-0.5141304865589506
1.246865172910991,-0.5409589277609534,-0.05156773371941287,-0.2643254326077668,0.7252487702735305,1.6878862910848802,0.5590377501574795,-0.07666467174724215
0.2649579484991719,0.8944905878762417,-1.6230935935594106,0.12658241315903243,0.03789682127477059,1.7586153456401081,-0.30657005301647855,-0.003954322139414318
-0.19158252823658117,0.5194456319253262,0.3718179216874431,-0.9595295545641797,0.6246079660461686,-0.007350356672145763,-0.5849906384431529,-0.8302791834922887
-0.56428047992765,-0.5052097486790115,0.20735752219202458,0.020225042982786476,0.17612707156135715,0.1343505299688833,0.23796687597563235,-0.48312997347947506
0.1768595537245161,0.9691240724329616,-0.05333576824170408,-2.1983143156022074,-0.7039802737267474,1.747746099737147,-0.33769903502113124,-0.668404262711548
-1.6885819406912597,0.01891509525110628,-2.9461954521110294,-0.8263840945119351,-0.11982474000836292,0.4641480106271504,0.9318141340730253,-1.1902099090543454
-0.42786307581259847,-0.44589340614389444,-1.3544740636441097,-0.08339950789895341,-1.3600793678922896,-0.4718187040628897,1.3967524454801916,1.5073373045378036
0.2946554817167714,-0.943200324797027,0.08483233973326393,-0.9826593061811579,-0.2506211773576225,-0.6105385011803343,-1.802237550234508,0.08398477849758934
1.796488616741637,-0.48541674742849683,1.343284198333952,-0.5826142968035163,1.2718248478241816,0.9469428161776268,1.350673190875772,-1.0993124609156528
-0.9044484180656852,-1.5880732260107087,0.05210703773433554,0.39661450919588237,-0.059379894266331806,-0.44692965028396753,0.5445985667842642,-0.13402034490583645
0.14117139793125197,0.3680044989897346,0.1975712487919956,0.9588131088913415,-1.2175468527429139,-0.18508701009849385,1.5772229766287518,1.4233842377893453
0.6444872848832239,0.1064861335312918,0.21774194785840675,0.24651551498983817,-2.233103024363099,-0.2866910463564269,0.2984975697190481,0.1971076188897132
0.27205307598535583,-0.40707288540530073,0.2670583063232318,-1.5044766837270687,1.1084321396971613,-1.7244659254951253,0.5150101481940982,-0.707096475336435
-1.018320537594904,0.33286842415432394,-0.14406970106414446,0.21471391378241672,-0.6386095757900578,-0.079144556204742,-0.8637905335486529,0.808449789446612
-0.4062160720324188,-1.4623103965811228,0.884718117322837,0.14091867186215284,-1.5188445924025296,0.40682284189288775,1.4609467030124834,0.17018505639960144
-0.94856410762987,0.22396093911094733,-0.5758682978173665,-0.6193053032909085,0.8604722255565156,-1.7963267150788915,0.8337350457215926,0.5007130913024544
-2.013922956146464,0.13119501772527875,0.09362965973605317,-1.4849396228063578,1.3464922074642742,-0.6485387583349306,-0.8828837001719871,-0.18417207054862625
-0.29494935222893576,-0.1407934786770319,-1.3893757874727504,-0.28766735487070455,1.3645180603713853,-0.597216509269177,-0.48178822095503626,0.4402005461834449
-0.15207609384602172,-0.04767173084941058,-1.217930773987555,0.654051475182417,-2.005202703335518,1.23092342767014,-2.9648576194255742,-0.04360310193763466
0.4167543411940349,1.0197846247377769,-0.2801747358631009,0.024955748478382632,0.264759355516942,-0.8784262929437134,-1.243233831875283,1.7627968120495048
-0.4696882239196839,-0.6154805404941674,-0.6532144970727934,-1.853114688921647,0.04988502106764414,1.122290856494406,-0.10401632654174726,-0.7976258888779728
-0.6360459546180011,-0.6269406063814409,-0.9417347069680707,0.6546195527518319,2.0712835732811596,0.3215977901271296,0.7698480350995333,0.9402694111825464
0.06130542270759876,0.6622193842705523,0.8793296459323657,0.02479213837246341,0.8512755530050565,1.431221337158165,-0.6019586608385934,-0.8286805170881255
1.340907871892424,-1.1980854977147921,-0.5405652704640083,0.2398416277639079,0.06734061548613482,-0.09624600819001815,-0.36063317427613417,-0.6777173546696043
2.3814098287234127,-1.3472748136049868,0.3801545841037326,3.019620173785047,0.8981681797740181,0.7664979343394742,0.02909214530046666,-2.5934652919394208
-0.6051289213325773,-0.609119022862123,0.06922403818536071,-0.5409804479122481,0.9526430949386232,1.462659005210244,-0.27956814609075414,-0.545231910294322
-0.45249256770324064,1.111548711620003,0.6548107671225672,0.3444495490092953,0.8667618366566452,-1.0365707580506645,1.0951275028833265,0.3210257225989586
-0.9240722705844107,-0.7025158750493422,1.3261999835839382,1.2036643555727742,0.858976259940678,-0.05627508916556304,0.50654075146202,1.0138914168256463
1.2610728877855664,-0.5641774383148777,-0.8883772972976318,0.8725502420095594,0.6121858949078425,0.5282257074920276,-0.5643590397639088,-1.203220146490635
0.537934579702865,0.20075254799569056,-0.6658540095989042,0.11089950426554783,0.8557187436459983,-1.5152888396159607,0.48746692143914194,0.10490411985536495
-0.12873847047943318,1.0851009829909306,0.574553103782375,1.1433269113694,3.271119561774992,0.3638347223798973,1.1959461177727932,-0.2709840588116471
0.20968218611884795,0.7812493787700144,-0.49418448327138026,-0.48291381797763633,1.022250200511568,1.0201562309188943,-0.15660159729326623,0.6655238226126169
-0.6223905487920118,-0.972843656676527,1.4783408774589228,1.2481228695661273,-2.3722228952107884,-0.21681730539738592,0.33610103010056686,-0.07123151328567078
0.290409363648966,0.31664366542304867,1.0723311510847355,0.05525671410138578,-1.5490258180711751,-0.28390707890240924,0.1902526730382214,-1.5501473738063114
-0.4162044676389908,0.6700813280476327,-0.4347200263926467,0.5270064782249325,1.9417160327683587,0.5852527360695106,-1.9308354592659416,-0.36848984871393253
-1.3502075087470298,1.4757090450335577,-0.4067313522935146,-0.7376802207919677,-0.8639892101799259,0.2218706301329527,0.11774643870301083,-0.12939771720671997
0.9062937705233215,0.2082736320115546,-0.4553461765999558,-1.561468548388894,1.1937347905310902,0.09969842549638828,0.02699306170150158,1.6714586356823822
-0.17499045059453452,-1.0693682855944528,-0.7519702528620585,0.8134677177558586,0.38402132464768124,0.7006812601668042,-0.3631826192241719,0.3146555776732337
1.717194935414809,0.4840060012095435,0.9437807795496259,0.03254437748498127,-1.124262720131325,1.130116625486198,-1.577748177140409,-0.9186646362916481
0.8794026426873287,-0.10897020813640017,-1.2313871294093912,0.8537772793372591,-0.7020877127000363,-0.39838631560025933,0.9611792133317034,-0.03975439454343978
-0.630473294963292,0.384223262892713,0.718156784052976,-1.613688852332801,0.17805142998793824,-0.19148573801977642,1.4371841918611221,0.9731408483404023
-0.8826646955784422,-0.6189615103037651,0.0537457709197701,0.37296559136802526,-1.100796744751092,0.07915594151646205,1.6627279427641741,1.0763682030418458
0.30263151909127317,-0.5776692430081379,-0.12934559720542763,-0.8159865577964309,1.3576896192377093,-0.6914248817105019,0.40027348475188085,1.537633493799778
-0.6016051064256325,-1.5772344267234524,0.09415406087374097,-0.6799833882409556,-1.1576677893961038,0.39347760646174057,-0.7494536873483304,0.514889423184083
2.6785290223175027,-1.687413686847613,0.6307880500271562,0.2959670158645312,-0.6505806001658946,1.6557131493117678,-0.8247817151827082,-0.19953247729539003
-0.22829940531766585,-1.007880380809592,-1.218942558164147,-0.5810566232547577,0.7908427686286322,0.49253136119281155,-0.5281305251308257,-1.3337211069183426
-0.11894149649834851,0.7803111600638686,-0.7303879984079522,1.763689820022343,-0.15290158416133728,-0.19676052145919365,-1.3007411334675296,0.4085534165589811
2.0484035783703636,-0.8385748817793174,-1.0373468774649617,-1.4521854082779848,-1.105360983254611,-0.7886373674802353,-1.5229437160003856,0.8356288646594475
0.453897289188761,1.783856416390295,0.42437354633779467,-0.3066577444784501,-0.24891403722790917,1.6248059375309123,-0.533950658136701,0.17767878397773867
-0.1725912618542006,-0.5985664531860163,-0.8835060548517781,0.7207428045534383,0.2920149123445323,-1.9408594816322187,-0.049099334363994517,2.725039594703372
-0.11092021649533065,0.21146572164762123,1.316129977711174,-0.5779616108418701,0.6254338153886202,0.29358929989171906,-0.640874134300772,0.5732525621719736
-1.0735149229014418,0.9271875347493025,0.9663533676569465,1.809443666920247,0.5718036363074355,0.4011116392551391,-0.671551526354953,0.17444960472836232
-0.5168000020107881,-1.4764322037105635,-1.186170468309267,1.3920576924163834,-0.6213245608113314,-1.3011199679489311,-1.4118529981817214,-1.2382580899340696
1.2725240452548825,-0.47484011285697997,2.1048691165993536,-1.6681148294395405,-0.21381597268542096,-1.5221253966416357,-0.6540646899362464,0.3401737484208517
-2.3131201830858075,-2.0547762400733713,-0.2795585406932657,1.0279567594688657,0.7579463455779151,-1.86575674027755,-0.5853197615200052,0.13459509644674927
-0.5453367696980075,2.5974675782483847,-0.06315779121097721,0.17241367598246826,1.23522757833827,-0.35232869295457736,-0.7012842540785366,0.41476052522340384
0.38907598148829126,0.5509668131900952,0.17317431378632234,0.16138432274302053,1.4302138638733777,1.8694260644247798,0.18705157599077565,0.6311857884964613
1.0721969054011726,-0.9809060552220775,1.1077028933074824,-0.04749212703896196,-2.0101759010598945,2.053738499233688,-0.9279800245240973,1.6758022711951572
-0.6237304119546503,-0.6488373036580105,-0.5669878593008703,0.7987910229009194,1.7273664388415677,-0.3031123037704931,0.2804219564336552,-1.4448187649132904
-1.9540667783997832,-2.210541064478356,-1.1250492613866876,-0.9713090561002113,0.6025426752012734,-0.5635619638388742,0.7734310773110645,-1.1100915470125772
-0.27914562439085827,1.3227090183133048,0.9566392345946846,0.7373053984697455,-0.43629741018238993,0.5145120740016941,0.4165307669773468,1.3013339119744032
0.04917082624678442,-0.6492304228514721,-1.7022944043934398,-0.9249904361599044,0.11075361922213015,-0.4030759439475348,0.15444815771566509,0.4633206413389433
1.141823714595952,-2.7965245371937066,-0.8286080948701259,0.6265986939382125,-0.42016412176810425,1.1089900306972342,0.622269376545025,-0.9609088372308268
-2.160247586905429,0.5859259333117648,-1.5105894159479734,0.045445586808364545,0.6618988064033908,0.8759575042491935,0.9868391884056312,-2.2825464486182714
2.058900747141868,0.41682645405814817,-0.3099204758173918,-0.5638556210784429,-0.31373979069696734,-0.4849676727273382,0.12273833770219413,0.3364489620127359
1.0671199517197407,1.1054247997072686,-2.7508854293911007,0.25386051018217304,0.0834954983657254,-1.8501791911749161,-0.36197621418442366,-2.364594685988781
-0.316279248240447,0.54577325291449,0.9404327791497912,0.02507237819869658,1.4889841070283907,0.5345647222938101,0.03106729612138468,-1.7844601589771667
-0.5182706211711577,-0.2696365916237836,0.4539564349247354,1.9452019508882754,-0.6083704602049407,0.6935256636394949,1.097469510319325,1.7120642130862929
